"","BlueGeneNames"
"1","TRINITY_DN147_c0_g1"
"2","TRINITY_DN410_c0_g1"
"3","TRINITY_DN881_c0_g1"
"4","TRINITY_DN68_c0_g1"
"5","TRINITY_DN1076_c0_g1"
"6","TRINITY_DN254_c0_g1"
"7","TRINITY_DN656_c0_g1"
"8","TRINITY_DN325_c0_g1"
"9","TRINITY_DN1578_c0_g2"
"10","TRINITY_DN2633_c0_g1"
"11","TRINITY_DN908_c0_g1"
"12","TRINITY_DN172_c0_g1"
"13","TRINITY_DN5888_c0_g1"
"14","TRINITY_DN539_c0_g1"
"15","TRINITY_DN3715_c0_g1"
"16","TRINITY_DN1527_c2_g1"
"17","TRINITY_DN919_c0_g1"
"18","TRINITY_DN205_c0_g1"
"19","TRINITY_DN572_c1_g1"
"20","TRINITY_DN3022_c0_g1"
"21","TRINITY_DN77381_c0_g1"
"22","TRINITY_DN1391_c0_g1"
"23","TRINITY_DN3353_c0_g1"
"24","TRINITY_DN1958_c0_g1"
"25","TRINITY_DN3939_c0_g1"
"26","TRINITY_DN3827_c0_g1"
"27","TRINITY_DN4401_c0_g1"
"28","TRINITY_DN5767_c0_g1"
"29","TRINITY_DN14532_c0_g1"
"30","TRINITY_DN2287_c0_g1"
"31","TRINITY_DN1207_c0_g1"
"32","TRINITY_DN3794_c0_g1"
"33","TRINITY_DN3553_c0_g1"
"34","TRINITY_DN5823_c0_g1"
"35","TRINITY_DN6365_c0_g1"
"36","TRINITY_DN9360_c0_g1"
"37","TRINITY_DN4021_c0_g1"
"38","TRINITY_DN236_c0_g1"
"39","TRINITY_DN4588_c0_g1"
"40","TRINITY_DN809_c0_g1"
"41","TRINITY_DN5221_c0_g1"
"42","TRINITY_DN2065_c0_g1"
"43","TRINITY_DN1920_c0_g1"
"44","TRINITY_DN1679_c0_g1"
"45","TRINITY_DN519_c0_g1"
"46","TRINITY_DN3558_c0_g1"
"47","TRINITY_DN3842_c0_g1"
"48","TRINITY_DN978_c0_g1"
"49","TRINITY_DN17917_c0_g1"
"50","TRINITY_DN10_c0_g1"
"51","TRINITY_DN6411_c0_g1"
"52","TRINITY_DN887_c0_g1"
"53","TRINITY_DN1298_c0_g1"
"54","TRINITY_DN6840_c0_g1"
"55","TRINITY_DN7051_c0_g1"
"56","TRINITY_DN4283_c0_g1"
"57","TRINITY_DN1847_c0_g1"
"58","TRINITY_DN2411_c0_g2"
"59","TRINITY_DN4890_c0_g1"
"60","TRINITY_DN5129_c0_g1"
"61","TRINITY_DN6990_c0_g1"
"62","TRINITY_DN2758_c0_g1"
"63","TRINITY_DN2294_c0_g1"
"64","TRINITY_DN913_c0_g1"
"65","TRINITY_DN14836_c0_g1"
"66","TRINITY_DN8031_c0_g1"
"67","TRINITY_DN4555_c0_g1"
"68","TRINITY_DN191_c0_g1"
"69","TRINITY_DN2745_c0_g1"
"70","TRINITY_DN3492_c0_g1"
"71","TRINITY_DN1080_c1_g1"
"72","TRINITY_DN7008_c0_g1"
"73","TRINITY_DN4068_c0_g1"
"74","TRINITY_DN4085_c0_g1"
"75","TRINITY_DN1416_c0_g1"
"76","TRINITY_DN9574_c0_g1"
"77","TRINITY_DN3781_c1_g1"
"78","TRINITY_DN6919_c0_g1"
"79","TRINITY_DN7755_c0_g1"
"80","TRINITY_DN17452_c1_g1"
"81","TRINITY_DN18341_c0_g1"
"82","TRINITY_DN7708_c0_g1"
"83","TRINITY_DN4130_c0_g1"
"84","TRINITY_DN6996_c0_g1"
"85","TRINITY_DN13848_c0_g1"
"86","TRINITY_DN3045_c0_g1"
"87","TRINITY_DN5112_c0_g1"
"88","TRINITY_DN1883_c1_g1"
"89","TRINITY_DN7519_c1_g1"
"90","TRINITY_DN4217_c0_g1"
"91","TRINITY_DN9592_c0_g1"
"92","TRINITY_DN790_c0_g1"
"93","TRINITY_DN1833_c0_g1"
"94","TRINITY_DN3056_c0_g1"
"95","TRINITY_DN667_c0_g1"
"96","TRINITY_DN2978_c0_g1"
"97","TRINITY_DN1411_c0_g1"
"98","TRINITY_DN24604_c0_g1"
"99","TRINITY_DN576_c0_g1"
"100","TRINITY_DN10740_c0_g1"
"101","TRINITY_DN580_c0_g1"
"102","TRINITY_DN5203_c0_g1"
"103","TRINITY_DN377_c0_g1"
"104","TRINITY_DN1017_c0_g1"
"105","TRINITY_DN2547_c0_g1"
"106","TRINITY_DN522_c0_g1"
"107","TRINITY_DN4954_c0_g1"
"108","TRINITY_DN9359_c0_g1"
"109","TRINITY_DN3740_c0_g1"
"110","TRINITY_DN3023_c0_g1"
"111","TRINITY_DN5068_c0_g1"
"112","TRINITY_DN4938_c0_g1"
"113","TRINITY_DN10539_c0_g1"
"114","TRINITY_DN14288_c0_g1"
"115","TRINITY_DN6807_c0_g1"
"116","TRINITY_DN9587_c0_g1"
"117","TRINITY_DN2340_c0_g1"
"118","TRINITY_DN12993_c0_g1"
"119","TRINITY_DN5526_c0_g1"
"120","TRINITY_DN1584_c0_g1"
"121","TRINITY_DN3888_c0_g1"
"122","TRINITY_DN3527_c0_g1"
"123","TRINITY_DN14245_c0_g1"
"124","TRINITY_DN7104_c0_g1"
"125","TRINITY_DN2474_c1_g1"
"126","TRINITY_DN9837_c0_g1"
"127","TRINITY_DN233_c0_g1"
"128","TRINITY_DN6788_c0_g1"
"129","TRINITY_DN2841_c0_g1"
"130","TRINITY_DN9727_c0_g1"
"131","TRINITY_DN5551_c0_g1"
"132","TRINITY_DN4106_c1_g1"
"133","TRINITY_DN2784_c0_g1"
"134","TRINITY_DN10777_c0_g1"
"135","TRINITY_DN16359_c0_g1"
"136","TRINITY_DN4878_c0_g1"
"137","TRINITY_DN8300_c1_g1"
"138","TRINITY_DN17477_c0_g1"
"139","TRINITY_DN4121_c0_g1"
"140","TRINITY_DN4662_c0_g1"
"141","TRINITY_DN1163_c0_g1"
"142","TRINITY_DN25755_c0_g1"
"143","TRINITY_DN5822_c0_g1"
"144","TRINITY_DN2601_c0_g1"
"145","TRINITY_DN9424_c0_g1"
"146","TRINITY_DN7164_c0_g1"
"147","TRINITY_DN27647_c0_g1"
"148","TRINITY_DN1465_c0_g1"
"149","TRINITY_DN598_c0_g1"
"150","TRINITY_DN102_c0_g1"
"151","TRINITY_DN3320_c0_g1"
"152","TRINITY_DN2426_c0_g1"
"153","TRINITY_DN175_c0_g1"
"154","TRINITY_DN18880_c0_g1"
"155","TRINITY_DN2167_c0_g2"
"156","TRINITY_DN3802_c0_g1"
"157","TRINITY_DN266_c0_g1"
"158","TRINITY_DN4262_c0_g1"
"159","TRINITY_DN2038_c0_g1"
"160","TRINITY_DN1107_c1_g1"
"161","TRINITY_DN1979_c0_g1"
"162","TRINITY_DN3228_c0_g1"
"163","TRINITY_DN4843_c0_g1"
"164","TRINITY_DN4045_c0_g1"
"165","TRINITY_DN2871_c1_g1"
"166","TRINITY_DN9715_c0_g1"
"167","TRINITY_DN9238_c0_g1"
"168","TRINITY_DN10669_c0_g1"
"169","TRINITY_DN28981_c0_g1"
"170","TRINITY_DN980_c0_g1"
"171","TRINITY_DN2433_c0_g1"
"172","TRINITY_DN4220_c2_g1"
"173","TRINITY_DN11393_c0_g1"
"174","TRINITY_DN6506_c0_g1"
"175","TRINITY_DN2590_c2_g1"
"176","TRINITY_DN2302_c0_g1"
"177","TRINITY_DN15395_c0_g1"
"178","TRINITY_DN4164_c0_g1"
"179","TRINITY_DN2558_c0_g1"
"180","TRINITY_DN729_c0_g1"
"181","TRINITY_DN16975_c0_g1"
"182","TRINITY_DN7801_c0_g1"
"183","TRINITY_DN4373_c0_g1"
"184","TRINITY_DN1583_c0_g1"
"185","TRINITY_DN505_c0_g1"
"186","TRINITY_DN12499_c0_g1"
"187","TRINITY_DN1470_c0_g1"
"188","TRINITY_DN5055_c0_g1"
"189","TRINITY_DN2494_c0_g1"
"190","TRINITY_DN14929_c0_g1"
"191","TRINITY_DN18149_c0_g1"
"192","TRINITY_DN1755_c0_g1"
"193","TRINITY_DN13023_c0_g1"
"194","TRINITY_DN22977_c0_g1"
"195","TRINITY_DN23616_c0_g1"
"196","TRINITY_DN15167_c0_g1"
"197","TRINITY_DN6740_c0_g1"
"198","TRINITY_DN4558_c0_g1"
"199","TRINITY_DN1099_c0_g2"
"200","TRINITY_DN14431_c0_g1"
"201","TRINITY_DN8072_c0_g1"
"202","TRINITY_DN2998_c0_g1"
"203","TRINITY_DN14107_c0_g1"
"204","TRINITY_DN12625_c0_g1"
"205","TRINITY_DN2778_c0_g1"
"206","TRINITY_DN15144_c0_g1"
"207","TRINITY_DN15426_c1_g1"
"208","TRINITY_DN1697_c0_g1"
"209","TRINITY_DN4887_c0_g1"
"210","TRINITY_DN12113_c0_g1"
"211","TRINITY_DN399_c0_g1"
"212","TRINITY_DN6771_c0_g1"
"213","TRINITY_DN2063_c0_g1"
"214","TRINITY_DN39541_c0_g1"
"215","TRINITY_DN13694_c0_g1"
"216","TRINITY_DN12223_c0_g1"
"217","TRINITY_DN7801_c1_g1"
"218","TRINITY_DN1526_c0_g1"
"219","TRINITY_DN10374_c0_g1"
"220","TRINITY_DN9651_c0_g1"
"221","TRINITY_DN2616_c1_g2"
"222","TRINITY_DN1384_c0_g1"
"223","TRINITY_DN13085_c0_g1"
"224","TRINITY_DN6565_c1_g1"
"225","TRINITY_DN821_c0_g1"
"226","TRINITY_DN1376_c0_g1"
"227","TRINITY_DN2590_c0_g1"
"228","TRINITY_DN7351_c0_g1"
"229","TRINITY_DN26463_c0_g1"
"230","TRINITY_DN2055_c0_g1"
"231","TRINITY_DN9456_c0_g1"
"232","TRINITY_DN5408_c0_g1"
"233","TRINITY_DN7198_c0_g1"
"234","TRINITY_DN9137_c0_g1"
"235","TRINITY_DN9653_c0_g1"
"236","TRINITY_DN18144_c0_g1"
"237","TRINITY_DN40737_c0_g1"
"238","TRINITY_DN5097_c0_g1"
"239","TRINITY_DN968_c0_g1"
"240","TRINITY_DN10695_c0_g1"
"241","TRINITY_DN14430_c0_g1"
"242","TRINITY_DN270_c0_g1"
"243","TRINITY_DN21707_c1_g1"
"244","TRINITY_DN14667_c0_g1"
"245","TRINITY_DN7320_c0_g1"
"246","TRINITY_DN11952_c0_g1"
"247","TRINITY_DN3903_c0_g1"
"248","TRINITY_DN9880_c0_g1"
"249","TRINITY_DN449_c0_g1"
"250","TRINITY_DN20406_c0_g2"
"251","TRINITY_DN1932_c0_g1"
"252","TRINITY_DN9176_c1_g1"
"253","TRINITY_DN1576_c0_g1"
"254","TRINITY_DN2432_c0_g1"
"255","TRINITY_DN12895_c0_g1"
"256","TRINITY_DN3602_c0_g1"
"257","TRINITY_DN3518_c0_g1"
"258","TRINITY_DN15343_c0_g1"
"259","TRINITY_DN1846_c0_g1"
"260","TRINITY_DN13814_c0_g1"
"261","TRINITY_DN8566_c0_g1"
"262","TRINITY_DN1868_c7_g1"
"263","TRINITY_DN846_c0_g1"
"264","TRINITY_DN2066_c0_g1"
"265","TRINITY_DN1212_c0_g2"
"266","TRINITY_DN2860_c0_g1"
"267","TRINITY_DN13216_c0_g1"
"268","TRINITY_DN13217_c0_g1"
"269","TRINITY_DN12586_c0_g1"
"270","TRINITY_DN2950_c0_g1"
"271","TRINITY_DN25316_c0_g1"
"272","TRINITY_DN19009_c0_g1"
"273","TRINITY_DN86693_c0_g1"
"274","TRINITY_DN11053_c0_g1"
"275","TRINITY_DN8585_c0_g1"
"276","TRINITY_DN21476_c0_g1"
"277","TRINITY_DN11498_c0_g1"
"278","TRINITY_DN72140_c0_g1"
"279","TRINITY_DN20533_c0_g1"
"280","TRINITY_DN507_c0_g1"
"281","TRINITY_DN1268_c0_g1"
"282","TRINITY_DN7680_c1_g1"
"283","TRINITY_DN4676_c0_g1"
"284","TRINITY_DN3035_c0_g1"
"285","TRINITY_DN3932_c0_g1"
"286","TRINITY_DN2980_c0_g1"
"287","TRINITY_DN21818_c0_g1"
"288","TRINITY_DN10204_c0_g2"
"289","TRINITY_DN3032_c0_g1"
"290","TRINITY_DN327_c0_g1"
"291","TRINITY_DN2996_c0_g1"
"292","TRINITY_DN2920_c0_g1"
"293","TRINITY_DN2541_c0_g1"
"294","TRINITY_DN1800_c1_g1"
"295","TRINITY_DN9848_c0_g1"
"296","TRINITY_DN338_c1_g1"
"297","TRINITY_DN1095_c0_g1"
"298","TRINITY_DN2649_c0_g1"
"299","TRINITY_DN18633_c0_g1"
"300","TRINITY_DN43831_c0_g1"
"301","TRINITY_DN4612_c0_g1"
"302","TRINITY_DN33263_c0_g1"
"303","TRINITY_DN16581_c0_g1"
"304","TRINITY_DN8830_c0_g1"
"305","TRINITY_DN20236_c0_g1"
"306","TRINITY_DN4825_c0_g1"
"307","TRINITY_DN3200_c0_g1"
"308","TRINITY_DN2465_c0_g1"
"309","TRINITY_DN2484_c0_g1"
"310","TRINITY_DN35663_c0_g1"
"311","TRINITY_DN3038_c0_g1"
"312","TRINITY_DN1686_c0_g1"
"313","TRINITY_DN17857_c1_g1"
"314","TRINITY_DN5808_c0_g1"
"315","TRINITY_DN26080_c0_g1"
"316","TRINITY_DN24185_c0_g1"
"317","TRINITY_DN749_c2_g1"
"318","TRINITY_DN4167_c0_g1"
"319","TRINITY_DN20030_c0_g1"
"320","TRINITY_DN4643_c0_g1"
"321","TRINITY_DN6820_c0_g1"
"322","TRINITY_DN8931_c0_g1"
"323","TRINITY_DN4640_c0_g1"
"324","TRINITY_DN413_c1_g1"
"325","TRINITY_DN2148_c0_g1"
"326","TRINITY_DN3279_c0_g1"
"327","TRINITY_DN2305_c0_g2"
"328","TRINITY_DN2655_c0_g1"
"329","TRINITY_DN1857_c0_g1"
"330","TRINITY_DN106928_c0_g1"
"331","TRINITY_DN16468_c0_g1"
"332","TRINITY_DN20252_c0_g1"
"333","TRINITY_DN17752_c0_g1"
"334","TRINITY_DN2445_c0_g1"
"335","TRINITY_DN3889_c0_g1"
"336","TRINITY_DN5572_c1_g1"
"337","TRINITY_DN1203_c0_g1"
"338","TRINITY_DN25896_c0_g1"
"339","TRINITY_DN1789_c0_g2"
"340","TRINITY_DN830_c0_g1"
"341","TRINITY_DN725_c0_g1"
"342","TRINITY_DN18529_c0_g1"
"343","TRINITY_DN9017_c0_g1"
"344","TRINITY_DN11782_c0_g1"
"345","TRINITY_DN111_c0_g1"
"346","TRINITY_DN3214_c0_g1"
"347","TRINITY_DN7231_c0_g1"
"348","TRINITY_DN3781_c0_g1"
"349","TRINITY_DN43377_c0_g1"
"350","TRINITY_DN823_c0_g1"
"351","TRINITY_DN5662_c3_g1"
"352","TRINITY_DN16050_c0_g1"
"353","TRINITY_DN7150_c0_g1"
"354","TRINITY_DN22678_c0_g1"
"355","TRINITY_DN2457_c0_g1"
"356","TRINITY_DN3923_c0_g1"
"357","TRINITY_DN2943_c0_g1"
"358","TRINITY_DN26441_c1_g1"
"359","TRINITY_DN19488_c0_g1"
"360","TRINITY_DN5945_c0_g1"
"361","TRINITY_DN12276_c0_g1"
"362","TRINITY_DN20701_c0_g1"
"363","TRINITY_DN8448_c0_g1"
"364","TRINITY_DN5907_c0_g1"
"365","TRINITY_DN4781_c0_g1"
"366","TRINITY_DN5867_c0_g1"
"367","TRINITY_DN654_c0_g2"
"368","TRINITY_DN2336_c0_g2"
"369","TRINITY_DN12264_c0_g1"
"370","TRINITY_DN2764_c0_g1"
"371","TRINITY_DN26127_c0_g1"
"372","TRINITY_DN3314_c0_g1"
"373","TRINITY_DN1392_c0_g1"
"374","TRINITY_DN1428_c0_g1"
"375","TRINITY_DN102090_c0_g1"
"376","TRINITY_DN6352_c0_g1"
"377","TRINITY_DN11044_c0_g1"
"378","TRINITY_DN12022_c0_g1"
"379","TRINITY_DN27151_c0_g1"
"380","TRINITY_DN2227_c0_g1"
"381","TRINITY_DN5950_c0_g2"
"382","TRINITY_DN12462_c0_g1"
"383","TRINITY_DN4830_c0_g1"
"384","TRINITY_DN646_c0_g1"
"385","TRINITY_DN43827_c0_g1"
"386","TRINITY_DN9190_c0_g1"
"387","TRINITY_DN11203_c0_g1"
"388","TRINITY_DN10417_c0_g1"
"389","TRINITY_DN3494_c0_g1"
"390","TRINITY_DN9313_c0_g1"
"391","TRINITY_DN30291_c0_g1"
"392","TRINITY_DN15064_c0_g1"
"393","TRINITY_DN77262_c0_g1"
"394","TRINITY_DN5204_c0_g1"
"395","TRINITY_DN1057_c0_g1"
"396","TRINITY_DN6868_c1_g2"
"397","TRINITY_DN4101_c3_g1"
"398","TRINITY_DN2614_c0_g1"
"399","TRINITY_DN17999_c0_g1"
"400","TRINITY_DN1182_c0_g1"
"401","TRINITY_DN9350_c0_g1"
"402","TRINITY_DN10461_c0_g1"
"403","TRINITY_DN18949_c0_g1"
"404","TRINITY_DN38852_c0_g1"
"405","TRINITY_DN15635_c0_g2"
"406","TRINITY_DN10463_c0_g1"
"407","TRINITY_DN928_c0_g2"
"408","TRINITY_DN1836_c0_g1"
"409","TRINITY_DN22434_c0_g1"
"410","TRINITY_DN23187_c0_g1"
"411","TRINITY_DN8565_c0_g1"
"412","TRINITY_DN9804_c0_g1"
"413","TRINITY_DN16727_c0_g1"
"414","TRINITY_DN138_c1_g1"
"415","TRINITY_DN8887_c0_g1"
"416","TRINITY_DN2069_c0_g1"
"417","TRINITY_DN2593_c0_g1"
"418","TRINITY_DN6088_c0_g1"
"419","TRINITY_DN6384_c0_g1"
"420","TRINITY_DN12711_c0_g1"
"421","TRINITY_DN21247_c1_g1"
"422","TRINITY_DN17833_c0_g1"
"423","TRINITY_DN59681_c0_g1"
"424","TRINITY_DN1050_c1_g2"
"425","TRINITY_DN6716_c0_g1"
"426","TRINITY_DN3591_c0_g1"
"427","TRINITY_DN13750_c0_g1"
"428","TRINITY_DN7870_c0_g1"
"429","TRINITY_DN10460_c0_g1"
"430","TRINITY_DN6608_c0_g1"
"431","TRINITY_DN6601_c0_g1"
"432","TRINITY_DN1227_c0_g1"
"433","TRINITY_DN2705_c0_g1"
"434","TRINITY_DN24865_c0_g1"
"435","TRINITY_DN14537_c0_g1"
"436","TRINITY_DN4192_c0_g2"
"437","TRINITY_DN14322_c0_g1"
"438","TRINITY_DN13625_c0_g1"
"439","TRINITY_DN6903_c0_g1"
"440","TRINITY_DN12263_c0_g1"
"441","TRINITY_DN3602_c2_g1"
"442","TRINITY_DN181_c2_g1"
"443","TRINITY_DN22096_c0_g1"
"444","TRINITY_DN27657_c0_g1"
"445","TRINITY_DN24544_c0_g1"
"446","TRINITY_DN1701_c0_g1"
"447","TRINITY_DN22647_c0_g1"
"448","TRINITY_DN8651_c0_g1"
"449","TRINITY_DN1730_c0_g2"
"450","TRINITY_DN15635_c0_g1"
"451","TRINITY_DN13323_c0_g1"
"452","TRINITY_DN26203_c0_g1"
"453","TRINITY_DN1614_c0_g1"
"454","TRINITY_DN11378_c0_g1"
"455","TRINITY_DN429_c0_g1"
"456","TRINITY_DN18201_c0_g1"
"457","TRINITY_DN6577_c0_g1"
"458","TRINITY_DN9034_c0_g1"
"459","TRINITY_DN8365_c0_g1"
"460","TRINITY_DN260_c0_g1"
"461","TRINITY_DN9827_c0_g1"
"462","TRINITY_DN3070_c0_g2"
"463","TRINITY_DN7157_c0_g1"
"464","TRINITY_DN6224_c0_g1"
"465","TRINITY_DN10103_c0_g1"
"466","TRINITY_DN2189_c0_g1"
"467","TRINITY_DN3024_c0_g1"
"468","TRINITY_DN30552_c0_g1"
"469","TRINITY_DN6896_c1_g1"
"470","TRINITY_DN8231_c0_g1"
"471","TRINITY_DN5898_c0_g1"
"472","TRINITY_DN535_c1_g1"
"473","TRINITY_DN24172_c0_g1"
"474","TRINITY_DN10618_c0_g1"
"475","TRINITY_DN37786_c0_g1"
"476","TRINITY_DN8065_c0_g1"
"477","TRINITY_DN24632_c0_g1"
"478","TRINITY_DN9890_c0_g1"
"479","TRINITY_DN47813_c0_g1"
"480","TRINITY_DN15989_c0_g1"
"481","TRINITY_DN77264_c0_g1"
"482","TRINITY_DN7514_c0_g1"
"483","TRINITY_DN51387_c0_g1"
"484","TRINITY_DN34255_c0_g1"
"485","TRINITY_DN29939_c0_g1"
"486","TRINITY_DN1142_c0_g1"
"487","TRINITY_DN463_c0_g1"
"488","TRINITY_DN8925_c0_g1"
"489","TRINITY_DN3134_c0_g1"
"490","TRINITY_DN12441_c0_g1"
"491","TRINITY_DN2730_c0_g2"
"492","TRINITY_DN3665_c0_g1"
"493","TRINITY_DN7673_c0_g1"
"494","TRINITY_DN22850_c0_g1"
"495","TRINITY_DN5571_c0_g1"
"496","TRINITY_DN2689_c0_g2"
"497","TRINITY_DN3839_c2_g1"
"498","TRINITY_DN11402_c0_g1"
"499","TRINITY_DN29196_c0_g1"
"500","TRINITY_DN571_c0_g1"
"501","TRINITY_DN4083_c0_g1"
"502","TRINITY_DN4648_c0_g1"
"503","TRINITY_DN16880_c0_g1"
"504","TRINITY_DN7601_c0_g1"
"505","TRINITY_DN5869_c0_g1"
"506","TRINITY_DN37884_c0_g1"
"507","TRINITY_DN18009_c0_g1"
"508","TRINITY_DN1563_c0_g1"
"509","TRINITY_DN58933_c0_g1"
"510","TRINITY_DN6053_c0_g1"
"511","TRINITY_DN3227_c0_g1"
"512","TRINITY_DN14781_c0_g1"
"513","TRINITY_DN6646_c0_g1"
"514","TRINITY_DN15224_c0_g1"
"515","TRINITY_DN5773_c1_g1"
"516","TRINITY_DN17598_c0_g1"
"517","TRINITY_DN13574_c1_g1"
"518","TRINITY_DN16400_c0_g1"
"519","TRINITY_DN4038_c0_g1"
"520","TRINITY_DN15181_c4_g1"
"521","TRINITY_DN18134_c0_g1"
"522","TRINITY_DN3378_c0_g1"
"523","TRINITY_DN8601_c0_g1"
"524","TRINITY_DN12380_c0_g1"
"525","TRINITY_DN11431_c0_g2"
"526","TRINITY_DN13473_c0_g1"
"527","TRINITY_DN23188_c0_g1"
"528","TRINITY_DN23286_c0_g1"
"529","TRINITY_DN6133_c0_g1"
"530","TRINITY_DN20265_c0_g1"
"531","TRINITY_DN5619_c0_g1"
"532","TRINITY_DN22115_c0_g1"
"533","TRINITY_DN8180_c0_g1"
"534","TRINITY_DN4206_c1_g1"
"535","TRINITY_DN15707_c2_g1"
"536","TRINITY_DN6934_c0_g1"
"537","TRINITY_DN19465_c0_g1"
"538","TRINITY_DN19685_c0_g1"
"539","TRINITY_DN21338_c0_g1"
"540","TRINITY_DN2656_c0_g1"
"541","TRINITY_DN13160_c0_g1"
"542","TRINITY_DN24867_c0_g1"
"543","TRINITY_DN15731_c0_g1"
"544","TRINITY_DN18402_c0_g1"
"545","TRINITY_DN2861_c0_g1"
"546","TRINITY_DN491_c2_g1"
"547","TRINITY_DN3122_c0_g1"
"548","TRINITY_DN1244_c0_g1"
"549","TRINITY_DN12557_c0_g1"
"550","TRINITY_DN1484_c0_g1"
"551","TRINITY_DN1295_c0_g1"
"552","TRINITY_DN1752_c0_g1"
"553","TRINITY_DN23613_c0_g1"
"554","TRINITY_DN4567_c0_g1"
"555","TRINITY_DN451_c0_g1"
"556","TRINITY_DN10008_c0_g1"
"557","TRINITY_DN1215_c0_g1"
"558","TRINITY_DN4927_c1_g1"
"559","TRINITY_DN2027_c0_g1"
"560","TRINITY_DN3938_c0_g1"
"561","TRINITY_DN1144_c0_g1"
"562","TRINITY_DN31058_c0_g1"
"563","TRINITY_DN696_c0_g1"
"564","TRINITY_DN21260_c0_g1"
"565","TRINITY_DN1724_c1_g1"
"566","TRINITY_DN77268_c0_g1"
"567","TRINITY_DN23689_c0_g1"
"568","TRINITY_DN32911_c0_g1"
"569","TRINITY_DN3786_c5_g1"
"570","TRINITY_DN23222_c0_g1"
"571","TRINITY_DN1921_c0_g1"
"572","TRINITY_DN5710_c0_g1"
"573","TRINITY_DN139_c0_g1"
"574","TRINITY_DN518_c6_g1"
"575","TRINITY_DN24811_c0_g1"
"576","TRINITY_DN15681_c0_g1"
"577","TRINITY_DN23433_c0_g1"
"578","TRINITY_DN1871_c0_g1"
"579","TRINITY_DN12162_c0_g1"
"580","TRINITY_DN6087_c0_g1"
"581","TRINITY_DN35913_c0_g1"
"582","TRINITY_DN363_c0_g2"
"583","TRINITY_DN11444_c0_g1"
"584","TRINITY_DN3599_c0_g1"
"585","TRINITY_DN13459_c0_g1"
"586","TRINITY_DN1165_c1_g1"
"587","TRINITY_DN2077_c0_g1"
"588","TRINITY_DN23925_c0_g1"
"589","TRINITY_DN39997_c0_g1"
"590","TRINITY_DN3391_c0_g1"
"591","TRINITY_DN5497_c0_g1"
"592","TRINITY_DN9168_c0_g1"
"593","TRINITY_DN55977_c0_g1"
"594","TRINITY_DN1780_c0_g1"
"595","TRINITY_DN25146_c0_g1"
"596","TRINITY_DN37294_c0_g1"
"597","TRINITY_DN7676_c0_g1"
"598","TRINITY_DN42137_c0_g1"
"599","TRINITY_DN25_c0_g1"
"600","TRINITY_DN7512_c0_g1"
"601","TRINITY_DN11390_c0_g1"
"602","TRINITY_DN3938_c0_g2"
"603","TRINITY_DN8546_c0_g1"
"604","TRINITY_DN26758_c1_g1"
"605","TRINITY_DN3601_c0_g1"
"606","TRINITY_DN16259_c0_g1"
"607","TRINITY_DN18399_c0_g1"
"608","TRINITY_DN3198_c1_g1"
"609","TRINITY_DN32719_c0_g1"
"610","TRINITY_DN50_c0_g1"
"611","TRINITY_DN3393_c0_g1"
"612","TRINITY_DN10699_c0_g1"
"613","TRINITY_DN12485_c0_g1"
"614","TRINITY_DN23746_c0_g1"
"615","TRINITY_DN19912_c0_g1"
"616","TRINITY_DN24307_c0_g1"
"617","TRINITY_DN1111_c0_g1"
"618","TRINITY_DN64589_c0_g1"
"619","TRINITY_DN1386_c1_g1"
"620","TRINITY_DN9443_c0_g1"
"621","TRINITY_DN15504_c0_g1"
"622","TRINITY_DN1905_c0_g1"
"623","TRINITY_DN50724_c0_g1"
"624","TRINITY_DN8493_c0_g1"
"625","TRINITY_DN392_c0_g1"
"626","TRINITY_DN1088_c0_g1"
"627","TRINITY_DN39475_c0_g1"
"628","TRINITY_DN29020_c0_g1"
"629","TRINITY_DN29256_c0_g1"
"630","TRINITY_DN3884_c0_g1"
"631","TRINITY_DN99733_c0_g1"
"632","TRINITY_DN1724_c0_g1"
"633","TRINITY_DN33746_c0_g1"
"634","TRINITY_DN368_c0_g1"
"635","TRINITY_DN2542_c7_g1"
"636","TRINITY_DN1762_c0_g1"
"637","TRINITY_DN305_c0_g1"
"638","TRINITY_DN2018_c0_g1"
"639","TRINITY_DN5270_c2_g1"
"640","TRINITY_DN12073_c0_g1"
"641","TRINITY_DN4772_c0_g1"
"642","TRINITY_DN11803_c0_g1"
"643","TRINITY_DN673_c0_g1"
"644","TRINITY_DN21231_c0_g1"
"645","TRINITY_DN95499_c0_g1"
"646","TRINITY_DN29972_c0_g1"
"647","TRINITY_DN1_c0_g1"
"648","TRINITY_DN3060_c0_g1"
"649","TRINITY_DN1053_c0_g1"
"650","TRINITY_DN1700_c0_g2"
"651","TRINITY_DN2270_c0_g1"
"652","TRINITY_DN6899_c0_g1"
"653","TRINITY_DN2628_c0_g1"
"654","TRINITY_DN30640_c0_g1"
"655","TRINITY_DN5199_c0_g1"
"656","TRINITY_DN1891_c0_g1"
"657","TRINITY_DN15291_c0_g1"
"658","TRINITY_DN10451_c0_g1"
"659","TRINITY_DN25374_c0_g1"
"660","TRINITY_DN11539_c0_g1"
"661","TRINITY_DN655_c0_g1"
"662","TRINITY_DN24319_c0_g1"
"663","TRINITY_DN5360_c0_g1"
"664","TRINITY_DN30397_c0_g1"
"665","TRINITY_DN45298_c0_g1"
"666","TRINITY_DN10995_c0_g1"
"667","TRINITY_DN38104_c0_g1"
"668","TRINITY_DN9114_c0_g1"
"669","TRINITY_DN1505_c0_g1"
"670","TRINITY_DN21770_c0_g1"
"671","TRINITY_DN2305_c1_g1"
"672","TRINITY_DN2453_c1_g2"
"673","TRINITY_DN2956_c0_g1"
"674","TRINITY_DN14782_c0_g1"
"675","TRINITY_DN3703_c6_g1"
"676","TRINITY_DN26112_c0_g1"
"677","TRINITY_DN2379_c1_g1"
"678","TRINITY_DN22468_c0_g1"
"679","TRINITY_DN329_c0_g1"
"680","TRINITY_DN29030_c0_g1"
"681","TRINITY_DN7574_c0_g1"
"682","TRINITY_DN59555_c0_g1"
"683","TRINITY_DN1982_c0_g1"
"684","TRINITY_DN23211_c0_g1"
"685","TRINITY_DN8486_c0_g1"
"686","TRINITY_DN30486_c0_g1"
"687","TRINITY_DN47561_c0_g1"
"688","TRINITY_DN47923_c0_g1"
"689","TRINITY_DN20120_c0_g1"
"690","TRINITY_DN1097_c0_g1"
"691","TRINITY_DN9968_c1_g1"
"692","TRINITY_DN12712_c0_g3"
"693","TRINITY_DN448_c0_g1"
"694","TRINITY_DN6913_c0_g1"
"695","TRINITY_DN33000_c0_g1"
"696","TRINITY_DN11022_c0_g1"
"697","TRINITY_DN3535_c0_g1"
"698","TRINITY_DN29920_c0_g1"
"699","TRINITY_DN25159_c0_g1"
"700","TRINITY_DN29255_c0_g1"
"701","TRINITY_DN7945_c0_g1"
"702","TRINITY_DN1781_c0_g1"
"703","TRINITY_DN24704_c0_g1"
"704","TRINITY_DN18618_c2_g1"
"705","TRINITY_DN10401_c0_g1"
"706","TRINITY_DN5102_c0_g2"
"707","TRINITY_DN13198_c0_g1"
"708","TRINITY_DN17898_c0_g1"
"709","TRINITY_DN4144_c0_g1"
"710","TRINITY_DN4729_c0_g1"
"711","TRINITY_DN8491_c0_g1"
"712","TRINITY_DN23595_c0_g1"
"713","TRINITY_DN17768_c0_g1"
"714","TRINITY_DN161_c0_g1"
"715","TRINITY_DN55791_c0_g1"
"716","TRINITY_DN27260_c0_g1"
"717","TRINITY_DN30989_c0_g1"
"718","TRINITY_DN41685_c0_g1"
"719","TRINITY_DN67907_c0_g1"
"720","TRINITY_DN25626_c0_g1"
"721","TRINITY_DN2740_c0_g1"
"722","TRINITY_DN4251_c0_g1"
"723","TRINITY_DN10678_c2_g2"
"724","TRINITY_DN14493_c0_g1"
"725","TRINITY_DN1344_c0_g1"
"726","TRINITY_DN2267_c0_g1"
"727","TRINITY_DN8626_c0_g1"
"728","TRINITY_DN19857_c0_g1"
"729","TRINITY_DN49043_c0_g2"
"730","TRINITY_DN658_c0_g1"
"731","TRINITY_DN7000_c0_g2"
"732","TRINITY_DN4434_c0_g1"
"733","TRINITY_DN5039_c0_g1"
"734","TRINITY_DN17337_c0_g1"
"735","TRINITY_DN5256_c0_g1"
"736","TRINITY_DN747_c1_g1"
"737","TRINITY_DN432_c5_g1"
"738","TRINITY_DN20970_c0_g1"
"739","TRINITY_DN5260_c0_g1"
"740","TRINITY_DN5771_c1_g1"
"741","TRINITY_DN8561_c0_g1"
"742","TRINITY_DN54307_c0_g1"
"743","TRINITY_DN32416_c0_g1"
"744","TRINITY_DN29909_c0_g1"
"745","TRINITY_DN11169_c0_g1"
"746","TRINITY_DN7916_c0_g1"
"747","TRINITY_DN28595_c0_g1"
"748","TRINITY_DN4962_c0_g1"
"749","TRINITY_DN25835_c0_g1"
"750","TRINITY_DN1893_c0_g1"
"751","TRINITY_DN1799_c0_g1"
"752","TRINITY_DN1515_c0_g1"
"753","TRINITY_DN1229_c0_g1"
"754","TRINITY_DN1769_c0_g1"
"755","TRINITY_DN5000_c0_g1"
"756","TRINITY_DN21666_c0_g1"
"757","TRINITY_DN1704_c0_g1"
"758","TRINITY_DN17176_c0_g1"
"759","TRINITY_DN28600_c0_g1"
"760","TRINITY_DN8691_c0_g1"
"761","TRINITY_DN2757_c0_g1"
"762","TRINITY_DN17954_c0_g1"
"763","TRINITY_DN3485_c0_g3"
"764","TRINITY_DN16086_c0_g1"
"765","TRINITY_DN1150_c0_g1"
"766","TRINITY_DN11986_c0_g1"
"767","TRINITY_DN5292_c0_g1"
"768","TRINITY_DN4798_c1_g2"
"769","TRINITY_DN26232_c0_g1"
"770","TRINITY_DN5150_c0_g2"
"771","TRINITY_DN42403_c0_g1"
"772","TRINITY_DN6137_c0_g1"
"773","TRINITY_DN27994_c0_g1"
"774","TRINITY_DN8544_c0_g1"
"775","TRINITY_DN4355_c0_g1"
"776","TRINITY_DN8760_c1_g1"
"777","TRINITY_DN15742_c0_g1"
"778","TRINITY_DN40320_c0_g1"
"779","TRINITY_DN7516_c0_g1"
"780","TRINITY_DN8882_c0_g1"
"781","TRINITY_DN7867_c0_g1"
"782","TRINITY_DN5638_c1_g2"
"783","TRINITY_DN19687_c0_g1"
"784","TRINITY_DN33119_c0_g1"
"785","TRINITY_DN9117_c0_g1"
"786","TRINITY_DN3540_c0_g2"
"787","TRINITY_DN54088_c0_g1"
"788","TRINITY_DN1644_c0_g1"
"789","TRINITY_DN3322_c0_g1"
"790","TRINITY_DN66054_c0_g1"
"791","TRINITY_DN85602_c0_g1"
"792","TRINITY_DN76517_c0_g1"
"793","TRINITY_DN33934_c0_g1"
"794","TRINITY_DN43122_c0_g1"
"795","TRINITY_DN5401_c0_g1"
"796","TRINITY_DN10079_c0_g1"
"797","TRINITY_DN56091_c0_g1"
"798","TRINITY_DN7369_c0_g1"
"799","TRINITY_DN1556_c0_g1"
"800","TRINITY_DN13974_c0_g1"
"801","TRINITY_DN16717_c0_g1"
"802","TRINITY_DN28201_c0_g1"
"803","TRINITY_DN21854_c0_g1"
"804","TRINITY_DN10339_c0_g1"
"805","TRINITY_DN14038_c0_g1"
"806","TRINITY_DN2733_c1_g1"
"807","TRINITY_DN16236_c0_g1"
"808","TRINITY_DN1400_c0_g1"
"809","TRINITY_DN1968_c0_g1"
"810","TRINITY_DN19408_c1_g1"
"811","TRINITY_DN6334_c0_g1"
"812","TRINITY_DN10755_c0_g1"
"813","TRINITY_DN2553_c0_g1"
"814","TRINITY_DN37570_c0_g1"
"815","TRINITY_DN17941_c0_g1"
"816","TRINITY_DN5503_c1_g1"
"817","TRINITY_DN4617_c0_g1"
"818","TRINITY_DN6108_c3_g1"
"819","TRINITY_DN9539_c0_g1"
"820","TRINITY_DN43346_c0_g1"
"821","TRINITY_DN19819_c0_g1"
"822","TRINITY_DN29013_c0_g1"
"823","TRINITY_DN2683_c0_g1"
"824","TRINITY_DN45722_c0_g1"
"825","TRINITY_DN4892_c0_g1"
"826","TRINITY_DN38427_c0_g1"
"827","TRINITY_DN4875_c0_g1"
"828","TRINITY_DN7234_c0_g1"
"829","TRINITY_DN5349_c0_g1"
"830","TRINITY_DN2944_c0_g1"
"831","TRINITY_DN31614_c1_g1"
"832","TRINITY_DN95422_c0_g1"
"833","TRINITY_DN10614_c0_g1"
"834","TRINITY_DN23325_c0_g1"
"835","TRINITY_DN8621_c0_g1"
"836","TRINITY_DN6635_c0_g1"
"837","TRINITY_DN28206_c0_g1"
"838","TRINITY_DN9159_c0_g1"
"839","TRINITY_DN49432_c0_g1"
"840","TRINITY_DN17348_c0_g1"
"841","TRINITY_DN7697_c0_g1"
"842","TRINITY_DN31794_c0_g1"
"843","TRINITY_DN8174_c0_g1"
"844","TRINITY_DN6214_c0_g3"
"845","TRINITY_DN15132_c0_g1"
"846","TRINITY_DN70991_c0_g1"
"847","TRINITY_DN30041_c0_g1"
"848","TRINITY_DN77128_c0_g1"
"849","TRINITY_DN4974_c0_g2"
"850","TRINITY_DN28153_c0_g1"
"851","TRINITY_DN5730_c0_g1"
"852","TRINITY_DN8109_c0_g1"
"853","TRINITY_DN37044_c0_g1"
"854","TRINITY_DN9291_c0_g1"
"855","TRINITY_DN19983_c0_g1"
"856","TRINITY_DN6744_c0_g1"
"857","TRINITY_DN28582_c1_g1"
"858","TRINITY_DN8672_c2_g1"
"859","TRINITY_DN4730_c0_g1"
"860","TRINITY_DN440_c0_g1"
"861","TRINITY_DN21205_c0_g1"
"862","TRINITY_DN14527_c1_g1"
"863","TRINITY_DN29405_c0_g1"
"864","TRINITY_DN32231_c0_g1"
"865","TRINITY_DN28409_c0_g1"
"866","TRINITY_DN28205_c0_g1"
"867","TRINITY_DN5247_c0_g1"
"868","TRINITY_DN19279_c0_g1"
"869","TRINITY_DN25066_c0_g1"
"870","TRINITY_DN41697_c0_g1"
"871","TRINITY_DN33875_c0_g1"
"872","TRINITY_DN27918_c0_g1"
"873","TRINITY_DN73443_c0_g1"
"874","TRINITY_DN51152_c0_g1"
"875","TRINITY_DN6686_c1_g1"
"876","TRINITY_DN4621_c0_g1"
"877","TRINITY_DN19517_c0_g1"
"878","TRINITY_DN26279_c0_g1"
"879","TRINITY_DN43383_c0_g1"
"880","TRINITY_DN5440_c0_g1"
"881","TRINITY_DN398_c0_g1"
"882","TRINITY_DN11475_c0_g1"
"883","TRINITY_DN28897_c3_g1"
"884","TRINITY_DN3108_c1_g1"
"885","TRINITY_DN12309_c0_g2"
"886","TRINITY_DN2171_c0_g1"
"887","TRINITY_DN772_c0_g1"
"888","TRINITY_DN14354_c0_g1"
"889","TRINITY_DN16775_c0_g1"
"890","TRINITY_DN6004_c0_g1"
"891","TRINITY_DN12233_c0_g1"
"892","TRINITY_DN28032_c0_g1"
"893","TRINITY_DN30160_c0_g1"
"894","TRINITY_DN11139_c0_g1"
"895","TRINITY_DN16313_c0_g1"
"896","TRINITY_DN2116_c0_g1"
"897","TRINITY_DN4981_c0_g1"
"898","TRINITY_DN8811_c3_g1"
"899","TRINITY_DN7181_c0_g1"
"900","TRINITY_DN7085_c0_g1"
"901","TRINITY_DN19626_c0_g1"
"902","TRINITY_DN7458_c0_g1"
"903","TRINITY_DN8718_c0_g1"
"904","TRINITY_DN11277_c0_g1"
"905","TRINITY_DN6199_c0_g1"
"906","TRINITY_DN47802_c0_g1"
"907","TRINITY_DN59027_c0_g1"
"908","TRINITY_DN40485_c0_g1"
"909","TRINITY_DN12339_c0_g1"
"910","TRINITY_DN28102_c0_g1"
"911","TRINITY_DN18813_c0_g1"
"912","TRINITY_DN6805_c0_g1"
"913","TRINITY_DN23939_c0_g1"
"914","TRINITY_DN122_c7_g1"
"915","TRINITY_DN3610_c0_g1"
"916","TRINITY_DN19936_c1_g1"
"917","TRINITY_DN13352_c0_g1"
"918","TRINITY_DN29645_c0_g1"
"919","TRINITY_DN3505_c0_g1"
"920","TRINITY_DN262_c0_g1"
"921","TRINITY_DN4366_c0_g1"
"922","TRINITY_DN12225_c0_g1"
"923","TRINITY_DN23617_c0_g1"
"924","TRINITY_DN417_c0_g1"
"925","TRINITY_DN2991_c0_g2"
"926","TRINITY_DN987_c1_g2"
"927","TRINITY_DN52478_c0_g1"
"928","TRINITY_DN11547_c0_g1"
"929","TRINITY_DN13144_c0_g1"
"930","TRINITY_DN4095_c0_g2"
"931","TRINITY_DN1253_c0_g1"
"932","TRINITY_DN5477_c0_g1"
"933","TRINITY_DN10437_c0_g1"
"934","TRINITY_DN33267_c0_g1"
"935","TRINITY_DN489_c0_g1"
"936","TRINITY_DN3281_c0_g1"
"937","TRINITY_DN11905_c0_g1"
"938","TRINITY_DN4573_c0_g1"
"939","TRINITY_DN20297_c0_g1"
"940","TRINITY_DN17504_c0_g1"
"941","TRINITY_DN45828_c0_g1"
"942","TRINITY_DN15323_c0_g1"
"943","TRINITY_DN3792_c1_g1"
"944","TRINITY_DN445_c1_g1"
"945","TRINITY_DN4606_c0_g1"
"946","TRINITY_DN2914_c0_g1"
"947","TRINITY_DN547_c0_g1"
"948","TRINITY_DN15517_c0_g1"
"949","TRINITY_DN1708_c0_g1"
"950","TRINITY_DN10206_c0_g1"
"951","TRINITY_DN36114_c1_g1"
"952","TRINITY_DN2573_c0_g1"
"953","TRINITY_DN9802_c0_g1"
"954","TRINITY_DN6672_c0_g4"
"955","TRINITY_DN7524_c0_g1"
"956","TRINITY_DN38311_c0_g1"
"957","TRINITY_DN892_c0_g1"
"958","TRINITY_DN2508_c0_g1"
"959","TRINITY_DN4882_c0_g1"
"960","TRINITY_DN3269_c0_g1"
"961","TRINITY_DN20407_c0_g1"
"962","TRINITY_DN14880_c0_g1"
"963","TRINITY_DN13584_c0_g1"
"964","TRINITY_DN10514_c0_g1"
"965","TRINITY_DN9052_c0_g2"
"966","TRINITY_DN2456_c0_g1"
"967","TRINITY_DN1122_c0_g1"
"968","TRINITY_DN9608_c2_g1"
"969","TRINITY_DN34934_c0_g1"
"970","TRINITY_DN36036_c0_g1"
"971","TRINITY_DN2966_c0_g1"
"972","TRINITY_DN38211_c0_g1"
"973","TRINITY_DN44941_c0_g1"
"974","TRINITY_DN1973_c0_g1"
"975","TRINITY_DN54144_c0_g1"
"976","TRINITY_DN13447_c2_g1"
"977","TRINITY_DN1832_c0_g1"
"978","TRINITY_DN4920_c0_g1"
"979","TRINITY_DN7337_c0_g1"
"980","TRINITY_DN17841_c0_g1"
"981","TRINITY_DN4717_c0_g1"
"982","TRINITY_DN51564_c0_g1"
"983","TRINITY_DN25388_c0_g1"
"984","TRINITY_DN4630_c0_g2"
"985","TRINITY_DN6507_c0_g1"
"986","TRINITY_DN27706_c0_g2"
"987","TRINITY_DN4994_c0_g1"
"988","TRINITY_DN551_c1_g1"
"989","TRINITY_DN22479_c0_g1"
"990","TRINITY_DN14142_c0_g1"
"991","TRINITY_DN26172_c0_g1"
"992","TRINITY_DN588_c0_g1"
"993","TRINITY_DN4057_c2_g1"
"994","TRINITY_DN1363_c0_g1"
"995","TRINITY_DN1457_c0_g2"
"996","TRINITY_DN38368_c0_g1"
"997","TRINITY_DN48762_c0_g1"
"998","TRINITY_DN12242_c0_g1"
"999","TRINITY_DN38740_c0_g1"
"1000","TRINITY_DN31887_c0_g1"
"1001","TRINITY_DN3689_c1_g1"
"1002","TRINITY_DN6148_c0_g1"
"1003","TRINITY_DN21893_c0_g1"
"1004","TRINITY_DN3914_c0_g1"
"1005","TRINITY_DN13832_c0_g1"
"1006","TRINITY_DN2187_c2_g1"
"1007","TRINITY_DN25460_c0_g1"
"1008","TRINITY_DN4651_c0_g2"
"1009","TRINITY_DN5272_c0_g1"
"1010","TRINITY_DN7934_c0_g1"
"1011","TRINITY_DN24945_c0_g1"
"1012","TRINITY_DN1442_c0_g1"
"1013","TRINITY_DN8598_c0_g1"
"1014","TRINITY_DN39398_c0_g1"
"1015","TRINITY_DN2575_c0_g2"
"1016","TRINITY_DN11153_c1_g1"
"1017","TRINITY_DN31023_c0_g1"
"1018","TRINITY_DN9575_c0_g1"
"1019","TRINITY_DN8317_c0_g1"
"1020","TRINITY_DN13033_c0_g1"
"1021","TRINITY_DN7839_c0_g1"
"1022","TRINITY_DN4079_c0_g1"
"1023","TRINITY_DN591_c0_g1"
"1024","TRINITY_DN20553_c0_g1"
"1025","TRINITY_DN1429_c0_g1"
"1026","TRINITY_DN3100_c0_g1"
"1027","TRINITY_DN14655_c0_g1"
"1028","TRINITY_DN27354_c0_g1"
"1029","TRINITY_DN1537_c0_g3"
"1030","TRINITY_DN760_c0_g1"
"1031","TRINITY_DN47241_c0_g1"
"1032","TRINITY_DN2158_c0_g1"
"1033","TRINITY_DN2863_c2_g1"
"1034","TRINITY_DN9073_c0_g1"
"1035","TRINITY_DN18073_c0_g1"
"1036","TRINITY_DN26590_c0_g1"
"1037","TRINITY_DN40403_c0_g1"
"1038","TRINITY_DN5727_c0_g1"
"1039","TRINITY_DN5775_c0_g1"
"1040","TRINITY_DN16834_c0_g1"
"1041","TRINITY_DN13530_c0_g1"
"1042","TRINITY_DN14747_c0_g1"
"1043","TRINITY_DN9399_c0_g1"
"1044","TRINITY_DN28921_c0_g1"
"1045","TRINITY_DN9931_c0_g1"
"1046","TRINITY_DN18181_c2_g1"
"1047","TRINITY_DN8959_c0_g1"
"1048","TRINITY_DN1209_c0_g1"
"1049","TRINITY_DN3742_c0_g1"
"1050","TRINITY_DN184_c0_g1"
"1051","TRINITY_DN11605_c0_g1"
"1052","TRINITY_DN31115_c0_g1"
"1053","TRINITY_DN104494_c0_g1"
"1054","TRINITY_DN3063_c0_g1"
"1055","TRINITY_DN921_c0_g1"
"1056","TRINITY_DN28647_c0_g1"
"1057","TRINITY_DN839_c0_g1"
"1058","TRINITY_DN23131_c0_g1"
"1059","TRINITY_DN313_c0_g1"
"1060","TRINITY_DN21607_c0_g1"
"1061","TRINITY_DN14648_c0_g1"
"1062","TRINITY_DN4159_c0_g1"
"1063","TRINITY_DN4291_c0_g1"
"1064","TRINITY_DN11750_c0_g1"
"1065","TRINITY_DN35409_c0_g1"
"1066","TRINITY_DN10737_c0_g1"
"1067","TRINITY_DN35935_c0_g1"
"1068","TRINITY_DN53503_c0_g1"
"1069","TRINITY_DN33584_c0_g1"
"1070","TRINITY_DN8445_c0_g1"
"1071","TRINITY_DN14770_c0_g1"
"1072","TRINITY_DN22724_c0_g2"
"1073","TRINITY_DN28228_c0_g1"
"1074","TRINITY_DN8064_c0_g1"
"1075","TRINITY_DN5593_c0_g1"
"1076","TRINITY_DN19923_c0_g1"
"1077","TRINITY_DN59629_c0_g1"
"1078","TRINITY_DN6236_c0_g1"
"1079","TRINITY_DN676_c2_g1"
"1080","TRINITY_DN60997_c0_g1"
"1081","TRINITY_DN1671_c0_g2"
"1082","TRINITY_DN2814_c0_g1"
"1083","TRINITY_DN12958_c0_g1"
"1084","TRINITY_DN1671_c0_g1"
"1085","TRINITY_DN22526_c0_g1"
"1086","TRINITY_DN718_c0_g1"
"1087","TRINITY_DN18198_c0_g1"
"1088","TRINITY_DN4629_c0_g1"
"1089","TRINITY_DN2516_c0_g1"
"1090","TRINITY_DN1358_c2_g1"
"1091","TRINITY_DN2605_c0_g1"
"1092","TRINITY_DN36441_c0_g1"
"1093","TRINITY_DN15441_c0_g1"
"1094","TRINITY_DN13608_c0_g1"
"1095","TRINITY_DN33117_c0_g1"
"1096","TRINITY_DN18247_c0_g1"
"1097","TRINITY_DN14988_c0_g1"
"1098","TRINITY_DN100_c0_g1"
"1099","TRINITY_DN1787_c0_g1"
"1100","TRINITY_DN39738_c0_g1"
"1101","TRINITY_DN8744_c0_g1"
"1102","TRINITY_DN26388_c0_g1"
"1103","TRINITY_DN15756_c0_g1"
"1104","TRINITY_DN3169_c0_g1"
"1105","TRINITY_DN78842_c0_g1"
"1106","TRINITY_DN34079_c0_g1"
"1107","TRINITY_DN165_c2_g1"
"1108","TRINITY_DN21277_c0_g1"
"1109","TRINITY_DN101518_c0_g1"
"1110","TRINITY_DN1625_c0_g2"
"1111","TRINITY_DN14050_c0_g1"
"1112","TRINITY_DN26909_c0_g1"
"1113","TRINITY_DN15638_c0_g1"
"1114","TRINITY_DN20817_c2_g1"
"1115","TRINITY_DN30601_c0_g1"
"1116","TRINITY_DN7582_c0_g1"
"1117","TRINITY_DN19675_c0_g1"
"1118","TRINITY_DN38801_c1_g1"
"1119","TRINITY_DN7823_c3_g1"
"1120","TRINITY_DN56009_c0_g1"
"1121","TRINITY_DN17223_c0_g1"
"1122","TRINITY_DN35694_c0_g1"
"1123","TRINITY_DN76735_c0_g1"
"1124","TRINITY_DN842_c0_g1"
"1125","TRINITY_DN28979_c0_g1"
"1126","TRINITY_DN13207_c0_g1"
"1127","TRINITY_DN7220_c0_g1"
"1128","TRINITY_DN33561_c0_g2"
"1129","TRINITY_DN3788_c0_g1"
"1130","TRINITY_DN6388_c2_g1"
"1131","TRINITY_DN10957_c0_g1"
"1132","TRINITY_DN8824_c0_g1"
"1133","TRINITY_DN1462_c0_g2"
"1134","TRINITY_DN8324_c0_g1"
"1135","TRINITY_DN4819_c0_g1"
"1136","TRINITY_DN7635_c0_g1"
"1137","TRINITY_DN43924_c0_g1"
"1138","TRINITY_DN1321_c0_g1"
"1139","TRINITY_DN1302_c0_g1"
"1140","TRINITY_DN3485_c1_g1"
"1141","TRINITY_DN1670_c0_g1"
"1142","TRINITY_DN11904_c0_g1"
"1143","TRINITY_DN4658_c0_g1"
"1144","TRINITY_DN13129_c0_g1"
"1145","TRINITY_DN27718_c0_g1"
"1146","TRINITY_DN7360_c0_g1"
"1147","TRINITY_DN13647_c1_g1"
"1148","TRINITY_DN10392_c0_g1"
"1149","TRINITY_DN1639_c1_g1"
"1150","TRINITY_DN1239_c0_g1"
"1151","TRINITY_DN87712_c0_g2"
"1152","TRINITY_DN19552_c0_g1"
"1153","TRINITY_DN4279_c0_g1"
"1154","TRINITY_DN3047_c0_g1"
"1155","TRINITY_DN73774_c0_g1"
"1156","TRINITY_DN1358_c1_g1"
"1157","TRINITY_DN14971_c0_g1"
"1158","TRINITY_DN69103_c0_g1"
"1159","TRINITY_DN34432_c0_g1"
"1160","TRINITY_DN7924_c1_g1"
"1161","TRINITY_DN10143_c0_g1"
"1162","TRINITY_DN27855_c0_g1"
"1163","TRINITY_DN39646_c0_g1"
"1164","TRINITY_DN23205_c0_g1"
"1165","TRINITY_DN6171_c0_g1"
"1166","TRINITY_DN14246_c0_g1"
"1167","TRINITY_DN59742_c0_g1"
"1168","TRINITY_DN41241_c0_g1"
"1169","TRINITY_DN29290_c0_g3"
"1170","TRINITY_DN533_c1_g1"
"1171","TRINITY_DN1452_c0_g1"
"1172","TRINITY_DN4055_c0_g1"
"1173","TRINITY_DN6838_c1_g1"
"1174","TRINITY_DN4634_c0_g1"
"1175","TRINITY_DN6347_c0_g1"
"1176","TRINITY_DN5639_c0_g1"
"1177","TRINITY_DN20339_c0_g1"
"1178","TRINITY_DN48072_c0_g1"
"1179","TRINITY_DN7082_c0_g1"
"1180","TRINITY_DN16162_c0_g1"
"1181","TRINITY_DN63205_c0_g1"
"1182","TRINITY_DN68478_c0_g1"
"1183","TRINITY_DN3012_c0_g1"
"1184","TRINITY_DN24169_c0_g1"
"1185","TRINITY_DN32865_c0_g1"
"1186","TRINITY_DN4503_c0_g1"
"1187","TRINITY_DN62005_c0_g1"
"1188","TRINITY_DN6909_c2_g1"
"1189","TRINITY_DN11730_c0_g1"
"1190","TRINITY_DN3721_c0_g1"
"1191","TRINITY_DN15466_c0_g1"
"1192","TRINITY_DN50029_c0_g1"
"1193","TRINITY_DN7311_c0_g1"
"1194","TRINITY_DN2777_c0_g1"
"1195","TRINITY_DN43905_c0_g1"
"1196","TRINITY_DN35976_c0_g1"
"1197","TRINITY_DN39843_c0_g1"
"1198","TRINITY_DN8286_c0_g1"
"1199","TRINITY_DN2517_c0_g1"
"1200","TRINITY_DN36361_c0_g1"
"1201","TRINITY_DN49971_c0_g1"
"1202","TRINITY_DN10240_c0_g1"
"1203","TRINITY_DN99392_c0_g1"
"1204","TRINITY_DN5560_c0_g1"
"1205","TRINITY_DN19698_c0_g1"
"1206","TRINITY_DN15781_c0_g1"
"1207","TRINITY_DN22949_c0_g1"
"1208","TRINITY_DN67956_c0_g2"
"1209","TRINITY_DN5506_c0_g1"
"1210","TRINITY_DN5534_c0_g2"
"1211","TRINITY_DN34025_c0_g1"
"1212","TRINITY_DN20011_c0_g1"
"1213","TRINITY_DN6856_c0_g1"
"1214","TRINITY_DN1387_c0_g1"
"1215","TRINITY_DN53781_c0_g1"
"1216","TRINITY_DN14514_c1_g1"
"1217","TRINITY_DN11083_c0_g1"
"1218","TRINITY_DN7447_c0_g1"
"1219","TRINITY_DN40822_c0_g1"
"1220","TRINITY_DN5765_c1_g1"
"1221","TRINITY_DN26218_c0_g1"
"1222","TRINITY_DN19988_c0_g1"
"1223","TRINITY_DN50026_c0_g1"
"1224","TRINITY_DN29061_c0_g1"
"1225","TRINITY_DN13179_c0_g1"
"1226","TRINITY_DN6561_c0_g1"
"1227","TRINITY_DN8507_c0_g1"
"1228","TRINITY_DN736_c0_g1"
"1229","TRINITY_DN178_c1_g1"
"1230","TRINITY_DN37330_c0_g1"
"1231","TRINITY_DN2582_c1_g1"
"1232","TRINITY_DN31172_c0_g1"
"1233","TRINITY_DN1521_c0_g1"
"1234","TRINITY_DN11496_c1_g1"
"1235","TRINITY_DN33412_c0_g1"
"1236","TRINITY_DN1615_c0_g1"
"1237","TRINITY_DN31400_c0_g1"
"1238","TRINITY_DN39144_c0_g1"
"1239","TRINITY_DN232_c0_g1"
"1240","TRINITY_DN4204_c0_g1"
"1241","TRINITY_DN17340_c0_g1"
"1242","TRINITY_DN54994_c0_g1"
"1243","TRINITY_DN33789_c0_g1"
"1244","TRINITY_DN2800_c0_g1"
"1245","TRINITY_DN10145_c0_g1"
"1246","TRINITY_DN35173_c0_g1"
"1247","TRINITY_DN13676_c0_g1"
"1248","TRINITY_DN865_c0_g1"
"1249","TRINITY_DN6426_c0_g1"
"1250","TRINITY_DN6597_c0_g1"
"1251","TRINITY_DN10418_c0_g1"
"1252","TRINITY_DN5762_c3_g1"
"1253","TRINITY_DN2113_c2_g1"
"1254","TRINITY_DN45463_c0_g1"
"1255","TRINITY_DN9635_c0_g1"
"1256","TRINITY_DN1211_c0_g1"
"1257","TRINITY_DN15282_c0_g2"
"1258","TRINITY_DN20705_c0_g1"
"1259","TRINITY_DN6689_c0_g1"
"1260","TRINITY_DN21890_c0_g1"
"1261","TRINITY_DN18659_c0_g2"
"1262","TRINITY_DN3827_c3_g1"
"1263","TRINITY_DN8601_c2_g1"
"1264","TRINITY_DN5617_c0_g1"
"1265","TRINITY_DN516_c1_g1"
"1266","TRINITY_DN5194_c0_g1"
"1267","TRINITY_DN6108_c0_g1"
"1268","TRINITY_DN27090_c0_g1"
"1269","TRINITY_DN2730_c0_g1"
"1270","TRINITY_DN14834_c0_g1"
"1271","TRINITY_DN50635_c0_g1"
"1272","TRINITY_DN36600_c0_g1"
"1273","TRINITY_DN4364_c0_g1"
"1274","TRINITY_DN55231_c0_g1"
"1275","TRINITY_DN12466_c0_g1"
"1276","TRINITY_DN15306_c0_g1"
"1277","TRINITY_DN50985_c0_g1"
"1278","TRINITY_DN62268_c0_g1"
"1279","TRINITY_DN16563_c0_g1"
"1280","TRINITY_DN18439_c0_g1"
"1281","TRINITY_DN21011_c0_g1"
"1282","TRINITY_DN53775_c0_g1"
"1283","TRINITY_DN981_c0_g1"
"1284","TRINITY_DN4059_c0_g1"
"1285","TRINITY_DN10416_c0_g1"
"1286","TRINITY_DN53_c0_g1"
"1287","TRINITY_DN23109_c0_g1"
"1288","TRINITY_DN4947_c1_g1"
"1289","TRINITY_DN1204_c0_g2"
"1290","TRINITY_DN10747_c0_g1"
"1291","TRINITY_DN52179_c0_g1"
"1292","TRINITY_DN8509_c1_g2"
"1293","TRINITY_DN52763_c0_g1"
"1294","TRINITY_DN22965_c0_g1"
"1295","TRINITY_DN46617_c0_g1"
"1296","TRINITY_DN13860_c0_g1"
"1297","TRINITY_DN18733_c0_g1"
"1298","TRINITY_DN376_c0_g1"
"1299","TRINITY_DN29537_c0_g1"
"1300","TRINITY_DN1319_c0_g1"
"1301","TRINITY_DN2844_c1_g1"
"1302","TRINITY_DN5354_c0_g1"
"1303","TRINITY_DN20561_c0_g1"
"1304","TRINITY_DN3604_c0_g1"
"1305","TRINITY_DN60036_c0_g1"
"1306","TRINITY_DN21611_c0_g1"
"1307","TRINITY_DN30778_c0_g2"
"1308","TRINITY_DN13551_c0_g1"
"1309","TRINITY_DN14579_c0_g1"
"1310","TRINITY_DN6918_c0_g1"
"1311","TRINITY_DN7316_c0_g1"
"1312","TRINITY_DN50090_c0_g1"
"1313","TRINITY_DN10863_c0_g1"
"1314","TRINITY_DN29203_c0_g1"
"1315","TRINITY_DN3334_c0_g1"
"1316","TRINITY_DN79436_c0_g1"
"1317","TRINITY_DN25558_c0_g1"
"1318","TRINITY_DN6808_c0_g1"
"1319","TRINITY_DN11480_c0_g2"
"1320","TRINITY_DN18919_c0_g1"
"1321","TRINITY_DN31833_c0_g1"
"1322","TRINITY_DN13188_c0_g1"
"1323","TRINITY_DN44101_c0_g1"
"1324","TRINITY_DN969_c0_g1"
"1325","TRINITY_DN25780_c0_g1"
"1326","TRINITY_DN12161_c0_g1"
"1327","TRINITY_DN21629_c0_g1"
"1328","TRINITY_DN3341_c0_g1"
"1329","TRINITY_DN2906_c0_g1"
"1330","TRINITY_DN11290_c0_g1"
"1331","TRINITY_DN2768_c0_g1"
"1332","TRINITY_DN1562_c0_g2"
"1333","TRINITY_DN8873_c0_g1"
"1334","TRINITY_DN82147_c0_g2"
"1335","TRINITY_DN25816_c0_g1"
"1336","TRINITY_DN26306_c0_g1"
"1337","TRINITY_DN9919_c0_g1"
"1338","TRINITY_DN35767_c0_g1"
"1339","TRINITY_DN2873_c2_g1"
"1340","TRINITY_DN12643_c0_g1"
"1341","TRINITY_DN48836_c0_g1"
"1342","TRINITY_DN2204_c0_g1"
"1343","TRINITY_DN42480_c0_g1"
"1344","TRINITY_DN2713_c1_g1"
"1345","TRINITY_DN2096_c0_g1"
"1346","TRINITY_DN7299_c0_g1"
"1347","TRINITY_DN15358_c0_g1"
"1348","TRINITY_DN2586_c0_g3"
"1349","TRINITY_DN11228_c0_g1"
"1350","TRINITY_DN16894_c0_g1"
"1351","TRINITY_DN7994_c0_g1"
"1352","TRINITY_DN1325_c0_g1"
"1353","TRINITY_DN35711_c0_g1"
"1354","TRINITY_DN13870_c0_g2"
"1355","TRINITY_DN771_c0_g1"
"1356","TRINITY_DN17382_c0_g1"
"1357","TRINITY_DN23868_c0_g1"
"1358","TRINITY_DN4135_c0_g1"
"1359","TRINITY_DN2048_c0_g1"
"1360","TRINITY_DN8605_c0_g1"
"1361","TRINITY_DN32899_c0_g1"
"1362","TRINITY_DN7875_c0_g1"
"1363","TRINITY_DN2839_c0_g1"
"1364","TRINITY_DN2110_c0_g1"
"1365","TRINITY_DN24838_c1_g1"
"1366","TRINITY_DN3850_c0_g1"
"1367","TRINITY_DN11317_c0_g1"
"1368","TRINITY_DN18480_c0_g1"
"1369","TRINITY_DN24108_c0_g1"
"1370","TRINITY_DN6604_c0_g1"
"1371","TRINITY_DN13356_c0_g1"
"1372","TRINITY_DN73146_c0_g1"
"1373","TRINITY_DN27685_c0_g2"
"1374","TRINITY_DN22544_c0_g2"
"1375","TRINITY_DN13074_c0_g1"
"1376","TRINITY_DN4348_c0_g1"
"1377","TRINITY_DN13597_c0_g1"
"1378","TRINITY_DN3562_c2_g1"
"1379","TRINITY_DN8038_c0_g1"
"1380","TRINITY_DN7922_c1_g1"
"1381","TRINITY_DN7353_c0_g1"
"1382","TRINITY_DN26209_c0_g1"
"1383","TRINITY_DN5407_c0_g1"
"1384","TRINITY_DN1340_c0_g1"
"1385","TRINITY_DN14803_c0_g1"
"1386","TRINITY_DN29834_c0_g1"
"1387","TRINITY_DN8102_c0_g3"
"1388","TRINITY_DN4543_c0_g1"
"1389","TRINITY_DN28832_c0_g1"
"1390","TRINITY_DN1362_c2_g1"
"1391","TRINITY_DN36165_c0_g1"
"1392","TRINITY_DN22724_c0_g1"
"1393","TRINITY_DN14778_c0_g1"
"1394","TRINITY_DN39483_c0_g1"
"1395","TRINITY_DN1899_c0_g1"
"1396","TRINITY_DN10139_c0_g1"
"1397","TRINITY_DN62786_c0_g1"
"1398","TRINITY_DN855_c0_g1"
"1399","TRINITY_DN9365_c1_g1"
"1400","TRINITY_DN19367_c0_g1"
"1401","TRINITY_DN25992_c0_g1"
"1402","TRINITY_DN10433_c0_g1"
"1403","TRINITY_DN815_c0_g1"
"1404","TRINITY_DN18092_c0_g1"
"1405","TRINITY_DN15602_c0_g1"
"1406","TRINITY_DN30944_c0_g1"
"1407","TRINITY_DN76073_c0_g1"
"1408","TRINITY_DN7166_c0_g1"
"1409","TRINITY_DN31978_c0_g1"
"1410","TRINITY_DN25792_c0_g1"
"1411","TRINITY_DN21305_c0_g1"
"1412","TRINITY_DN33477_c0_g1"
"1413","TRINITY_DN39863_c0_g1"
"1414","TRINITY_DN23589_c0_g1"
"1415","TRINITY_DN16425_c0_g1"
"1416","TRINITY_DN20093_c1_g1"
"1417","TRINITY_DN54140_c0_g1"
"1418","TRINITY_DN1707_c0_g1"
"1419","TRINITY_DN17026_c0_g1"
"1420","TRINITY_DN56476_c0_g1"
"1421","TRINITY_DN1351_c0_g1"
"1422","TRINITY_DN31948_c0_g1"
"1423","TRINITY_DN7224_c0_g2"
"1424","TRINITY_DN8927_c0_g1"
"1425","TRINITY_DN43661_c0_g1"
"1426","TRINITY_DN20574_c0_g1"
"1427","TRINITY_DN62852_c0_g1"
"1428","TRINITY_DN22857_c0_g1"
"1429","TRINITY_DN27659_c0_g1"
"1430","TRINITY_DN5322_c0_g1"
"1431","TRINITY_DN34701_c0_g1"
"1432","TRINITY_DN49068_c0_g1"
"1433","TRINITY_DN3697_c1_g1"
"1434","TRINITY_DN40634_c0_g1"
"1435","TRINITY_DN3539_c0_g1"
"1436","TRINITY_DN13384_c0_g1"
"1437","TRINITY_DN51705_c0_g1"
"1438","TRINITY_DN3654_c0_g1"
"1439","TRINITY_DN16584_c1_g1"
"1440","TRINITY_DN42166_c0_g1"
"1441","TRINITY_DN52308_c0_g1"
"1442","TRINITY_DN1928_c0_g1"
"1443","TRINITY_DN10459_c0_g1"
"1444","TRINITY_DN4222_c0_g1"
"1445","TRINITY_DN52706_c0_g1"
"1446","TRINITY_DN28180_c0_g1"
"1447","TRINITY_DN356_c1_g1"
"1448","TRINITY_DN21980_c0_g2"
"1449","TRINITY_DN34192_c0_g1"
"1450","TRINITY_DN10317_c2_g1"
"1451","TRINITY_DN7308_c0_g1"
"1452","TRINITY_DN5510_c0_g1"
"1453","TRINITY_DN43125_c0_g1"
"1454","TRINITY_DN22351_c0_g1"
"1455","TRINITY_DN90590_c0_g1"
"1456","TRINITY_DN34624_c0_g1"
"1457","TRINITY_DN42110_c0_g1"
"1458","TRINITY_DN6323_c0_g1"
"1459","TRINITY_DN2607_c0_g2"
"1460","TRINITY_DN108734_c0_g1"
"1461","TRINITY_DN21917_c0_g1"
"1462","TRINITY_DN18192_c0_g1"
"1463","TRINITY_DN3143_c0_g1"
"1464","TRINITY_DN10344_c0_g1"
"1465","TRINITY_DN6909_c1_g1"
"1466","TRINITY_DN3956_c0_g1"
"1467","TRINITY_DN939_c0_g1"
"1468","TRINITY_DN56345_c0_g1"
"1469","TRINITY_DN37016_c0_g1"
"1470","TRINITY_DN30772_c0_g1"
"1471","TRINITY_DN18525_c0_g1"
"1472","TRINITY_DN8622_c0_g1"
"1473","TRINITY_DN12153_c0_g1"
"1474","TRINITY_DN22786_c0_g1"
"1475","TRINITY_DN34645_c0_g1"
"1476","TRINITY_DN4929_c0_g1"
"1477","TRINITY_DN32396_c0_g1"
"1478","TRINITY_DN4787_c0_g1"
"1479","TRINITY_DN1618_c0_g1"
"1480","TRINITY_DN1469_c0_g1"
"1481","TRINITY_DN42972_c0_g1"
"1482","TRINITY_DN2169_c1_g2"
"1483","TRINITY_DN78844_c0_g1"
"1484","TRINITY_DN16887_c0_g1"
"1485","TRINITY_DN48591_c0_g1"
"1486","TRINITY_DN39905_c0_g1"
"1487","TRINITY_DN5947_c0_g1"
"1488","TRINITY_DN26792_c0_g1"
"1489","TRINITY_DN39416_c0_g1"
"1490","TRINITY_DN18586_c0_g1"
"1491","TRINITY_DN1560_c0_g1"
"1492","TRINITY_DN55_c5_g1"
"1493","TRINITY_DN7700_c0_g1"
"1494","TRINITY_DN41193_c0_g1"
"1495","TRINITY_DN24622_c0_g1"
"1496","TRINITY_DN42618_c0_g1"
"1497","TRINITY_DN35699_c0_g1"
"1498","TRINITY_DN6160_c0_g1"
"1499","TRINITY_DN52172_c0_g1"
"1500","TRINITY_DN10992_c0_g1"
"1501","TRINITY_DN27345_c0_g1"
"1502","TRINITY_DN8674_c0_g1"
"1503","TRINITY_DN16358_c1_g1"
"1504","TRINITY_DN36459_c0_g1"
"1505","TRINITY_DN13508_c0_g1"
"1506","TRINITY_DN25067_c0_g1"
"1507","TRINITY_DN831_c0_g1"
"1508","TRINITY_DN97_c1_g1"
"1509","TRINITY_DN14705_c0_g1"
"1510","TRINITY_DN1054_c0_g1"
"1511","TRINITY_DN48451_c0_g1"
"1512","TRINITY_DN5293_c0_g1"
"1513","TRINITY_DN74786_c0_g1"
"1514","TRINITY_DN29497_c0_g1"
"1515","TRINITY_DN34587_c0_g1"
"1516","TRINITY_DN27496_c0_g1"
"1517","TRINITY_DN15613_c0_g1"
"1518","TRINITY_DN47693_c0_g1"
"1519","TRINITY_DN9127_c0_g1"
"1520","TRINITY_DN494_c0_g1"
"1521","TRINITY_DN37045_c0_g1"
"1522","TRINITY_DN13951_c0_g2"
"1523","TRINITY_DN39413_c0_g1"
"1524","TRINITY_DN2982_c0_g1"
"1525","TRINITY_DN30737_c0_g1"
"1526","TRINITY_DN21636_c0_g1"
"1527","TRINITY_DN11527_c0_g1"
"1528","TRINITY_DN31955_c1_g1"
"1529","TRINITY_DN19430_c0_g1"
"1530","TRINITY_DN12464_c0_g1"
"1531","TRINITY_DN5306_c0_g1"
"1532","TRINITY_DN55362_c0_g1"
"1533","TRINITY_DN32999_c0_g1"
"1534","TRINITY_DN25834_c0_g1"
"1535","TRINITY_DN524_c0_g1"
"1536","TRINITY_DN36277_c0_g1"
"1537","TRINITY_DN6412_c1_g1"
"1538","TRINITY_DN49713_c1_g1"
"1539","TRINITY_DN1467_c2_g1"
"1540","TRINITY_DN28579_c0_g1"
"1541","TRINITY_DN56233_c0_g1"
"1542","TRINITY_DN12764_c0_g2"
"1543","TRINITY_DN46856_c0_g1"
"1544","TRINITY_DN10606_c0_g1"
"1545","TRINITY_DN6645_c0_g1"
"1546","TRINITY_DN3522_c0_g1"
"1547","TRINITY_DN8184_c1_g1"
"1548","TRINITY_DN35482_c0_g1"
"1549","TRINITY_DN76664_c0_g1"
"1550","TRINITY_DN6261_c0_g1"
"1551","TRINITY_DN18160_c0_g1"
"1552","TRINITY_DN14244_c3_g1"
"1553","TRINITY_DN21717_c0_g1"
"1554","TRINITY_DN249_c0_g1"
"1555","TRINITY_DN18714_c0_g1"
"1556","TRINITY_DN28234_c1_g1"
"1557","TRINITY_DN4521_c0_g1"
