"","turqGeneNames"
"1","TRINITY_DN506_c0_g1"
"2","TRINITY_DN2349_c0_g1"
"3","TRINITY_DN3920_c0_g1"
"4","TRINITY_DN3628_c0_g1"
"5","TRINITY_DN1818_c0_g1"
"6","TRINITY_DN386_c0_g1"
"7","TRINITY_DN3101_c0_g1"
"8","TRINITY_DN88_c0_g1"
"9","TRINITY_DN3828_c0_g1"
"10","TRINITY_DN6826_c0_g1"
"11","TRINITY_DN996_c0_g1"
"12","TRINITY_DN3061_c0_g1"
"13","TRINITY_DN210_c0_g1"
"14","TRINITY_DN30130_c0_g1"
"15","TRINITY_DN1906_c0_g2"
"16","TRINITY_DN7137_c0_g1"
"17","TRINITY_DN13192_c0_g1"
"18","TRINITY_DN410_c1_g1"
"19","TRINITY_DN2916_c0_g1"
"20","TRINITY_DN13617_c0_g1"
"21","TRINITY_DN7399_c0_g1"
"22","TRINITY_DN24180_c0_g1"
"23","TRINITY_DN3350_c0_g1"
"24","TRINITY_DN1367_c0_g1"
"25","TRINITY_DN18621_c0_g1"
"26","TRINITY_DN441_c0_g1"
"27","TRINITY_DN78_c0_g1"
"28","TRINITY_DN6850_c0_g1"
"29","TRINITY_DN10131_c0_g1"
"30","TRINITY_DN11569_c0_g1"
"31","TRINITY_DN7565_c1_g1"
"32","TRINITY_DN501_c0_g1"
"33","TRINITY_DN4402_c0_g1"
"34","TRINITY_DN14992_c0_g1"
"35","TRINITY_DN3363_c0_g1"
"36","TRINITY_DN2834_c0_g1"
"37","TRINITY_DN19352_c0_g1"
"38","TRINITY_DN5281_c0_g1"
"39","TRINITY_DN5630_c0_g1"
"40","TRINITY_DN3338_c0_g1"
"41","TRINITY_DN20_c0_g1"
"42","TRINITY_DN5801_c1_g1"
"43","TRINITY_DN3217_c0_g1"
"44","TRINITY_DN18924_c0_g1"
"45","TRINITY_DN7087_c0_g1"
"46","TRINITY_DN1067_c0_g1"
"47","TRINITY_DN113219_c0_g1"
"48","TRINITY_DN1464_c0_g1"
"49","TRINITY_DN807_c0_g1"
"50","TRINITY_DN32840_c0_g1"
"51","TRINITY_DN4046_c0_g1"
"52","TRINITY_DN5287_c0_g1"
"53","TRINITY_DN3675_c0_g1"
"54","TRINITY_DN135_c0_g1"
"55","TRINITY_DN9036_c0_g1"
"56","TRINITY_DN2765_c0_g1"
"57","TRINITY_DN745_c0_g1"
"58","TRINITY_DN12116_c0_g1"
"59","TRINITY_DN9544_c0_g1"
"60","TRINITY_DN7497_c0_g1"
"61","TRINITY_DN3568_c0_g1"
"62","TRINITY_DN1164_c0_g1"
"63","TRINITY_DN2737_c0_g1"
"64","TRINITY_DN19398_c0_g1"
"65","TRINITY_DN5390_c0_g1"
"66","TRINITY_DN2728_c0_g1"
"67","TRINITY_DN835_c0_g1"
"68","TRINITY_DN24176_c0_g1"
"69","TRINITY_DN2197_c0_g1"
"70","TRINITY_DN6009_c0_g1"
"71","TRINITY_DN2087_c0_g1"
"72","TRINITY_DN740_c0_g1"
"73","TRINITY_DN3126_c0_g1"
"74","TRINITY_DN1214_c0_g1"
"75","TRINITY_DN2882_c0_g1"
"76","TRINITY_DN4760_c0_g1"
"77","TRINITY_DN19894_c0_g1"
"78","TRINITY_DN1341_c0_g1"
"79","TRINITY_DN4238_c0_g1"
"80","TRINITY_DN9337_c1_g1"
"81","TRINITY_DN5601_c0_g1"
"82","TRINITY_DN5298_c0_g1"
"83","TRINITY_DN7466_c1_g1"
"84","TRINITY_DN10877_c0_g1"
"85","TRINITY_DN5436_c0_g1"
"86","TRINITY_DN1085_c0_g1"
"87","TRINITY_DN3249_c0_g1"
"88","TRINITY_DN10231_c0_g1"
"89","TRINITY_DN20978_c0_g1"
"90","TRINITY_DN911_c0_g1"
"91","TRINITY_DN4023_c0_g1"
"92","TRINITY_DN12501_c0_g1"
"93","TRINITY_DN7338_c0_g1"
"94","TRINITY_DN1434_c0_g1"
"95","TRINITY_DN1557_c0_g1"
"96","TRINITY_DN5167_c0_g1"
"97","TRINITY_DN11948_c0_g1"
"98","TRINITY_DN21912_c0_g1"
"99","TRINITY_DN10361_c0_g1"
"100","TRINITY_DN1174_c0_g1"
"101","TRINITY_DN462_c0_g1"
"102","TRINITY_DN18878_c0_g1"
"103","TRINITY_DN334_c0_g1"
"104","TRINITY_DN4909_c0_g1"
"105","TRINITY_DN6592_c1_g1"
"106","TRINITY_DN1153_c0_g1"
"107","TRINITY_DN1027_c0_g1"
"108","TRINITY_DN7169_c0_g1"
"109","TRINITY_DN1195_c0_g1"
"110","TRINITY_DN4449_c0_g1"
"111","TRINITY_DN5953_c0_g1"
"112","TRINITY_DN40465_c0_g1"
"113","TRINITY_DN36015_c0_g1"
"114","TRINITY_DN4139_c0_g1"
"115","TRINITY_DN562_c0_g1"
"116","TRINITY_DN41_c0_g1"
"117","TRINITY_DN3235_c0_g1"
"118","TRINITY_DN1102_c0_g1"
"119","TRINITY_DN9678_c0_g1"
"120","TRINITY_DN4249_c0_g2"
"121","TRINITY_DN35946_c0_g1"
"122","TRINITY_DN2035_c0_g1"
"123","TRINITY_DN8341_c0_g1"
"124","TRINITY_DN785_c1_g1"
"125","TRINITY_DN99433_c0_g1"
"126","TRINITY_DN1929_c0_g1"
"127","TRINITY_DN29276_c0_g1"
"128","TRINITY_DN1723_c0_g1"
"129","TRINITY_DN3079_c0_g1"
"130","TRINITY_DN8610_c0_g1"
"131","TRINITY_DN4560_c0_g1"
"132","TRINITY_DN13803_c0_g1"
"133","TRINITY_DN10897_c0_g1"
"134","TRINITY_DN58423_c0_g1"
"135","TRINITY_DN3762_c0_g1"
"136","TRINITY_DN1413_c0_g1"
"137","TRINITY_DN33713_c0_g1"
"138","TRINITY_DN4360_c1_g1"
"139","TRINITY_DN8144_c0_g1"
"140","TRINITY_DN3869_c0_g1"
"141","TRINITY_DN1561_c0_g1"
"142","TRINITY_DN3434_c0_g1"
"143","TRINITY_DN8392_c0_g1"
"144","TRINITY_DN3678_c0_g2"
"145","TRINITY_DN12930_c0_g1"
"146","TRINITY_DN396_c0_g1"
"147","TRINITY_DN5724_c0_g1"
"148","TRINITY_DN1124_c0_g1"
"149","TRINITY_DN1293_c0_g1"
"150","TRINITY_DN2724_c0_g1"
"151","TRINITY_DN8571_c0_g1"
"152","TRINITY_DN2744_c0_g1"
"153","TRINITY_DN4224_c0_g1"
"154","TRINITY_DN2519_c0_g1"
"155","TRINITY_DN14626_c0_g1"
"156","TRINITY_DN72785_c0_g1"
"157","TRINITY_DN840_c0_g1"
"158","TRINITY_DN6654_c0_g1"
"159","TRINITY_DN44_c2_g1"
"160","TRINITY_DN14977_c1_g2"
"161","TRINITY_DN8740_c1_g1"
"162","TRINITY_DN12921_c0_g1"
"163","TRINITY_DN5873_c0_g1"
"164","TRINITY_DN8478_c0_g1"
"165","TRINITY_DN11550_c0_g1"
"166","TRINITY_DN1812_c0_g1"
"167","TRINITY_DN5721_c0_g1"
"168","TRINITY_DN1541_c0_g1"
"169","TRINITY_DN4921_c0_g1"
"170","TRINITY_DN18331_c0_g1"
"171","TRINITY_DN352_c0_g1"
"172","TRINITY_DN3783_c0_g1"
"173","TRINITY_DN9037_c0_g1"
"174","TRINITY_DN11487_c0_g1"
"175","TRINITY_DN2565_c0_g1"
"176","TRINITY_DN2636_c0_g1"
"177","TRINITY_DN2022_c0_g1"
"178","TRINITY_DN6571_c3_g1"
"179","TRINITY_DN4311_c0_g1"
"180","TRINITY_DN8496_c0_g1"
"181","TRINITY_DN1803_c0_g1"
"182","TRINITY_DN14934_c0_g1"
"183","TRINITY_DN349_c1_g1"
"184","TRINITY_DN4338_c0_g1"
"185","TRINITY_DN3745_c0_g1"
"186","TRINITY_DN22283_c0_g1"
"187","TRINITY_DN19588_c0_g1"
"188","TRINITY_DN4280_c0_g1"
"189","TRINITY_DN1161_c0_g1"
"190","TRINITY_DN6527_c0_g1"
"191","TRINITY_DN4698_c0_g1"
"192","TRINITY_DN3559_c0_g1"
"193","TRINITY_DN7063_c0_g1"
"194","TRINITY_DN2595_c0_g1"
"195","TRINITY_DN8664_c0_g1"
"196","TRINITY_DN6011_c1_g1"
"197","TRINITY_DN10961_c0_g1"
"198","TRINITY_DN8195_c0_g1"
"199","TRINITY_DN1193_c0_g1"
"200","TRINITY_DN4278_c0_g1"
"201","TRINITY_DN6547_c0_g1"
"202","TRINITY_DN5936_c0_g1"
"203","TRINITY_DN194_c1_g1"
"204","TRINITY_DN219_c0_g1"
"205","TRINITY_DN3491_c0_g1"
"206","TRINITY_DN5871_c0_g1"
"207","TRINITY_DN11484_c0_g1"
"208","TRINITY_DN6559_c0_g1"
"209","TRINITY_DN20490_c0_g1"
"210","TRINITY_DN7612_c0_g1"
"211","TRINITY_DN1592_c0_g1"
"212","TRINITY_DN3874_c1_g1"
"213","TRINITY_DN766_c0_g1"
"214","TRINITY_DN2082_c0_g1"
"215","TRINITY_DN190_c0_g1"
"216","TRINITY_DN6582_c0_g1"
"217","TRINITY_DN4123_c0_g1"
"218","TRINITY_DN1187_c2_g1"
"219","TRINITY_DN704_c0_g1"
"220","TRINITY_DN1273_c1_g1"
"221","TRINITY_DN817_c0_g1"
"222","TRINITY_DN15043_c0_g1"
"223","TRINITY_DN11310_c0_g1"
"224","TRINITY_DN19987_c0_g1"
"225","TRINITY_DN3080_c0_g1"
"226","TRINITY_DN6187_c0_g1"
"227","TRINITY_DN23152_c0_g1"
"228","TRINITY_DN18614_c0_g1"
"229","TRINITY_DN4561_c0_g1"
"230","TRINITY_DN9774_c0_g1"
"231","TRINITY_DN1279_c0_g1"
"232","TRINITY_DN4621_c1_g1"
"233","TRINITY_DN14219_c0_g1"
"234","TRINITY_DN20475_c0_g1"
"235","TRINITY_DN240_c0_g1"
"236","TRINITY_DN4405_c0_g1"
"237","TRINITY_DN23122_c1_g1"
"238","TRINITY_DN2498_c0_g1"
"239","TRINITY_DN8351_c2_g1"
"240","TRINITY_DN5931_c0_g1"
"241","TRINITY_DN3773_c1_g1"
"242","TRINITY_DN13314_c0_g1"
"243","TRINITY_DN3572_c0_g1"
"244","TRINITY_DN24764_c0_g1"
"245","TRINITY_DN8938_c0_g1"
"246","TRINITY_DN4248_c0_g1"
"247","TRINITY_DN10903_c0_g1"
"248","TRINITY_DN627_c0_g1"
"249","TRINITY_DN5089_c0_g1"
"250","TRINITY_DN3606_c0_g1"
"251","TRINITY_DN2987_c0_g1"
"252","TRINITY_DN17402_c0_g1"
"253","TRINITY_DN3230_c1_g1"
"254","TRINITY_DN7093_c0_g1"
"255","TRINITY_DN1358_c4_g1"
"256","TRINITY_DN4143_c0_g1"
"257","TRINITY_DN3008_c0_g1"
"258","TRINITY_DN20200_c0_g1"
"259","TRINITY_DN11521_c0_g1"
"260","TRINITY_DN5330_c0_g1"
"261","TRINITY_DN1564_c0_g1"
"262","TRINITY_DN2272_c0_g1"
"263","TRINITY_DN6175_c0_g1"
"264","TRINITY_DN6867_c0_g1"
"265","TRINITY_DN10986_c0_g1"
"266","TRINITY_DN7019_c1_g1"
"267","TRINITY_DN336_c0_g1"
"268","TRINITY_DN9_c0_g1"
"269","TRINITY_DN283_c2_g1"
"270","TRINITY_DN3477_c0_g1"
"271","TRINITY_DN12485_c1_g1"
"272","TRINITY_DN4175_c0_g1"
"273","TRINITY_DN7386_c0_g1"
"274","TRINITY_DN563_c0_g1"
"275","TRINITY_DN8098_c0_g1"
"276","TRINITY_DN34744_c0_g1"
"277","TRINITY_DN18583_c0_g1"
"278","TRINITY_DN2425_c0_g1"
"279","TRINITY_DN1119_c0_g2"
"280","TRINITY_DN6636_c1_g1"
"281","TRINITY_DN4699_c0_g1"
"282","TRINITY_DN3509_c0_g1"
"283","TRINITY_DN25048_c0_g1"
"284","TRINITY_DN3091_c1_g1"
"285","TRINITY_DN8107_c0_g1"
"286","TRINITY_DN607_c0_g1"
"287","TRINITY_DN4571_c0_g1"
"288","TRINITY_DN30756_c0_g1"
"289","TRINITY_DN1246_c0_g1"
"290","TRINITY_DN5831_c0_g1"
"291","TRINITY_DN603_c0_g1"
"292","TRINITY_DN2525_c0_g1"
"293","TRINITY_DN5424_c0_g1"
"294","TRINITY_DN61817_c0_g1"
"295","TRINITY_DN2710_c0_g1"
"296","TRINITY_DN10277_c0_g1"
"297","TRINITY_DN3590_c1_g1"
"298","TRINITY_DN796_c0_g1"
"299","TRINITY_DN5645_c0_g1"
"300","TRINITY_DN33373_c0_g1"
"301","TRINITY_DN1947_c0_g1"
"302","TRINITY_DN2242_c0_g1"
"303","TRINITY_DN9401_c0_g1"
"304","TRINITY_DN14504_c0_g1"
"305","TRINITY_DN1865_c0_g1"
"306","TRINITY_DN499_c0_g1"
"307","TRINITY_DN8336_c0_g1"
"308","TRINITY_DN19848_c0_g1"
"309","TRINITY_DN625_c0_g1"
"310","TRINITY_DN1800_c0_g1"
"311","TRINITY_DN3720_c0_g1"
"312","TRINITY_DN9952_c0_g1"
"313","TRINITY_DN28625_c0_g1"
"314","TRINITY_DN9869_c0_g1"
"315","TRINITY_DN11665_c0_g1"
"316","TRINITY_DN8652_c0_g1"
"317","TRINITY_DN3068_c0_g1"
"318","TRINITY_DN44984_c0_g1"
"319","TRINITY_DN30698_c0_g1"
"320","TRINITY_DN838_c0_g2"
"321","TRINITY_DN5987_c0_g1"
"322","TRINITY_DN1898_c0_g1"
"323","TRINITY_DN2113_c0_g1"
"324","TRINITY_DN6922_c0_g1"
"325","TRINITY_DN1444_c0_g1"
"326","TRINITY_DN7274_c0_g1"
"327","TRINITY_DN2790_c0_g1"
"328","TRINITY_DN14468_c0_g1"
"329","TRINITY_DN2134_c0_g1"
"330","TRINITY_DN3075_c1_g1"
"331","TRINITY_DN3963_c0_g1"
"332","TRINITY_DN1441_c0_g1"
"333","TRINITY_DN6373_c0_g1"
"334","TRINITY_DN15244_c0_g1"
"335","TRINITY_DN8415_c0_g1"
"336","TRINITY_DN2668_c0_g1"
"337","TRINITY_DN3003_c0_g1"
"338","TRINITY_DN1880_c0_g1"
"339","TRINITY_DN7401_c2_g1"
"340","TRINITY_DN1770_c0_g1"
"341","TRINITY_DN12463_c0_g1"
"342","TRINITY_DN4848_c0_g1"
"343","TRINITY_DN545_c0_g1"
"344","TRINITY_DN11630_c0_g2"
"345","TRINITY_DN3287_c0_g1"
"346","TRINITY_DN13644_c0_g1"
"347","TRINITY_DN62046_c0_g1"
"348","TRINITY_DN455_c0_g1"
"349","TRINITY_DN8000_c0_g1"
"350","TRINITY_DN20494_c0_g1"
"351","TRINITY_DN3652_c0_g1"
"352","TRINITY_DN994_c0_g1"
"353","TRINITY_DN19711_c0_g1"
"354","TRINITY_DN10111_c0_g1"
"355","TRINITY_DN1157_c0_g1"
"356","TRINITY_DN9226_c0_g1"
"357","TRINITY_DN8860_c0_g1"
"358","TRINITY_DN4910_c0_g1"
"359","TRINITY_DN6150_c0_g1"
"360","TRINITY_DN2066_c1_g1"
"361","TRINITY_DN35528_c0_g1"
"362","TRINITY_DN1794_c0_g1"
"363","TRINITY_DN2414_c0_g1"
"364","TRINITY_DN13070_c0_g1"
"365","TRINITY_DN1191_c1_g1"
"366","TRINITY_DN4231_c0_g1"
"367","TRINITY_DN1004_c1_g1"
"368","TRINITY_DN28980_c0_g1"
"369","TRINITY_DN1460_c0_g1"
"370","TRINITY_DN6969_c0_g1"
"371","TRINITY_DN7230_c0_g1"
"372","TRINITY_DN17321_c0_g1"
"373","TRINITY_DN7765_c0_g1"
"374","TRINITY_DN10275_c0_g1"
"375","TRINITY_DN2563_c0_g1"
"376","TRINITY_DN2788_c2_g1"
"377","TRINITY_DN4604_c0_g1"
"378","TRINITY_DN2028_c0_g1"
"379","TRINITY_DN22334_c1_g1"
"380","TRINITY_DN7088_c0_g1"
"381","TRINITY_DN1023_c0_g1"
"382","TRINITY_DN4284_c0_g1"
"383","TRINITY_DN784_c0_g1"
"384","TRINITY_DN7318_c0_g1"
"385","TRINITY_DN2195_c0_g1"
"386","TRINITY_DN7264_c0_g1"
"387","TRINITY_DN8114_c0_g1"
"388","TRINITY_DN31360_c0_g1"
"389","TRINITY_DN6681_c0_g1"
"390","TRINITY_DN6923_c0_g1"
"391","TRINITY_DN2206_c0_g1"
"392","TRINITY_DN3541_c0_g1"
"393","TRINITY_DN741_c0_g1"
"394","TRINITY_DN16580_c0_g1"
"395","TRINITY_DN9426_c0_g1"
"396","TRINITY_DN4769_c0_g1"
"397","TRINITY_DN19081_c0_g1"
"398","TRINITY_DN1981_c0_g1"
"399","TRINITY_DN5471_c0_g1"
"400","TRINITY_DN6255_c0_g1"
"401","TRINITY_DN16576_c0_g1"
"402","TRINITY_DN1062_c0_g1"
"403","TRINITY_DN7414_c0_g1"
"404","TRINITY_DN6992_c0_g1"
"405","TRINITY_DN15953_c0_g1"
"406","TRINITY_DN991_c0_g1"
"407","TRINITY_DN6893_c0_g1"
"408","TRINITY_DN2072_c0_g1"
"409","TRINITY_DN3634_c0_g1"
"410","TRINITY_DN9109_c0_g1"
"411","TRINITY_DN17940_c0_g2"
"412","TRINITY_DN3732_c0_g1"
"413","TRINITY_DN2607_c0_g1"
"414","TRINITY_DN8485_c0_g1"
"415","TRINITY_DN1912_c0_g1"
"416","TRINITY_DN21700_c0_g1"
"417","TRINITY_DN9010_c0_g1"
"418","TRINITY_DN20983_c0_g1"
"419","TRINITY_DN8115_c0_g1"
"420","TRINITY_DN4974_c0_g1"
"421","TRINITY_DN8117_c0_g1"
"422","TRINITY_DN15628_c0_g1"
"423","TRINITY_DN1188_c0_g2"
"424","TRINITY_DN15036_c0_g1"
"425","TRINITY_DN4669_c0_g1"
"426","TRINITY_DN3414_c0_g1"
"427","TRINITY_DN1264_c1_g1"
"428","TRINITY_DN5637_c0_g1"
"429","TRINITY_DN8740_c0_g1"
"430","TRINITY_DN3465_c1_g1"
"431","TRINITY_DN2589_c0_g1"
"432","TRINITY_DN1250_c0_g1"
"433","TRINITY_DN1399_c0_g1"
"434","TRINITY_DN9373_c0_g1"
"435","TRINITY_DN5802_c1_g1"
"436","TRINITY_DN14656_c0_g1"
"437","TRINITY_DN6657_c0_g1"
"438","TRINITY_DN13048_c1_g1"
"439","TRINITY_DN2044_c0_g1"
"440","TRINITY_DN7772_c0_g1"
"441","TRINITY_DN7367_c0_g1"
"442","TRINITY_DN2748_c0_g1"
"443","TRINITY_DN5011_c0_g1"
"444","TRINITY_DN2226_c0_g1"
"445","TRINITY_DN1681_c0_g1"
"446","TRINITY_DN7823_c1_g1"
"447","TRINITY_DN7501_c0_g3"
"448","TRINITY_DN26500_c0_g1"
"449","TRINITY_DN3950_c1_g1"
"450","TRINITY_DN13342_c0_g1"
"451","TRINITY_DN4326_c0_g1"
"452","TRINITY_DN1213_c0_g2"
"453","TRINITY_DN15201_c0_g1"
"454","TRINITY_DN9412_c0_g1"
"455","TRINITY_DN833_c0_g1"
"456","TRINITY_DN3793_c0_g1"
"457","TRINITY_DN1717_c0_g1"
"458","TRINITY_DN541_c0_g1"
"459","TRINITY_DN7660_c0_g2"
"460","TRINITY_DN2798_c0_g1"
"461","TRINITY_DN20805_c0_g2"
"462","TRINITY_DN13037_c0_g1"
"463","TRINITY_DN4464_c0_g1"
"464","TRINITY_DN6105_c0_g1"
"465","TRINITY_DN1943_c0_g1"
"466","TRINITY_DN3840_c0_g1"
"467","TRINITY_DN6310_c0_g1"
"468","TRINITY_DN9097_c1_g1"
"469","TRINITY_DN5750_c0_g1"
"470","TRINITY_DN18053_c0_g1"
"471","TRINITY_DN2138_c0_g1"
"472","TRINITY_DN15930_c0_g1"
"473","TRINITY_DN1011_c0_g1"
"474","TRINITY_DN4780_c0_g1"
"475","TRINITY_DN6045_c0_g1"
"476","TRINITY_DN10123_c0_g1"
"477","TRINITY_DN9704_c0_g2"
"478","TRINITY_DN17071_c0_g1"
"479","TRINITY_DN11581_c0_g1"
"480","TRINITY_DN2621_c1_g1"
"481","TRINITY_DN679_c1_g1"
"482","TRINITY_DN13_c1_g2"
"483","TRINITY_DN6773_c0_g1"
"484","TRINITY_DN5454_c0_g1"
"485","TRINITY_DN3910_c0_g1"
"486","TRINITY_DN7048_c0_g1"
"487","TRINITY_DN9026_c0_g1"
"488","TRINITY_DN1073_c1_g1"
"489","TRINITY_DN5694_c0_g1"
"490","TRINITY_DN4240_c0_g1"
"491","TRINITY_DN3009_c0_g1"
"492","TRINITY_DN21471_c0_g1"
"493","TRINITY_DN2537_c0_g1"
"494","TRINITY_DN8963_c0_g1"
"495","TRINITY_DN33972_c0_g1"
"496","TRINITY_DN34319_c0_g1"
"497","TRINITY_DN1999_c1_g1"
"498","TRINITY_DN3223_c0_g1"
"499","TRINITY_DN1804_c0_g1"
"500","TRINITY_DN23818_c0_g1"
"501","TRINITY_DN18132_c0_g1"
"502","TRINITY_DN309_c1_g2"
"503","TRINITY_DN9250_c0_g1"
"504","TRINITY_DN11204_c0_g1"
"505","TRINITY_DN24124_c1_g1"
"506","TRINITY_DN2288_c0_g1"
"507","TRINITY_DN1438_c0_g1"
"508","TRINITY_DN6584_c0_g1"
"509","TRINITY_DN4943_c0_g1"
"510","TRINITY_DN10382_c0_g1"
"511","TRINITY_DN3809_c0_g1"
"512","TRINITY_DN11051_c0_g1"
"513","TRINITY_DN10150_c0_g1"
"514","TRINITY_DN5911_c0_g1"
"515","TRINITY_DN3938_c1_g1"
"516","TRINITY_DN1851_c0_g1"
"517","TRINITY_DN5765_c0_g1"
"518","TRINITY_DN3192_c0_g1"
"519","TRINITY_DN11182_c1_g1"
"520","TRINITY_DN10922_c0_g1"
"521","TRINITY_DN163_c0_g1"
"522","TRINITY_DN5261_c0_g1"
"523","TRINITY_DN100034_c0_g1"
"524","TRINITY_DN22573_c0_g1"
"525","TRINITY_DN18028_c0_g1"
"526","TRINITY_DN5547_c0_g1"
"527","TRINITY_DN3537_c2_g1"
"528","TRINITY_DN4299_c0_g1"
"529","TRINITY_DN14823_c0_g1"
"530","TRINITY_DN828_c0_g1"
"531","TRINITY_DN10822_c0_g2"
"532","TRINITY_DN100587_c0_g1"
"533","TRINITY_DN14026_c1_g1"
"534","TRINITY_DN5487_c0_g1"
"535","TRINITY_DN7838_c0_g2"
"536","TRINITY_DN15_c1_g1"
"537","TRINITY_DN113536_c0_g1"
"538","TRINITY_DN17740_c0_g1"
"539","TRINITY_DN7677_c0_g1"
"540","TRINITY_DN5607_c0_g1"
"541","TRINITY_DN4177_c0_g1"
"542","TRINITY_DN4325_c1_g1"
"543","TRINITY_DN1858_c0_g1"
"544","TRINITY_DN55969_c0_g1"
"545","TRINITY_DN16950_c0_g1"
"546","TRINITY_DN695_c0_g1"
"547","TRINITY_DN35_c1_g1"
"548","TRINITY_DN11719_c0_g1"
"549","TRINITY_DN43769_c0_g1"
"550","TRINITY_DN52675_c0_g1"
"551","TRINITY_DN7486_c1_g1"
"552","TRINITY_DN6113_c0_g1"
"553","TRINITY_DN4028_c0_g1"
"554","TRINITY_DN6177_c1_g1"
"555","TRINITY_DN27030_c0_g1"
"556","TRINITY_DN10315_c0_g1"
"557","TRINITY_DN11525_c0_g1"
"558","TRINITY_DN2493_c0_g1"
"559","TRINITY_DN743_c0_g1"
"560","TRINITY_DN19155_c0_g1"
"561","TRINITY_DN13197_c0_g1"
"562","TRINITY_DN8136_c0_g1"
"563","TRINITY_DN9877_c0_g1"
"564","TRINITY_DN26894_c0_g1"
"565","TRINITY_DN9495_c0_g1"
"566","TRINITY_DN4846_c0_g1"
"567","TRINITY_DN3069_c0_g1"
"568","TRINITY_DN26558_c0_g1"
"569","TRINITY_DN27640_c0_g1"
"570","TRINITY_DN21127_c0_g1"
"571","TRINITY_DN532_c0_g1"
"572","TRINITY_DN2135_c1_g1"
"573","TRINITY_DN3973_c0_g1"
"574","TRINITY_DN2929_c0_g1"
"575","TRINITY_DN41643_c0_g1"
"576","TRINITY_DN12217_c0_g1"
"577","TRINITY_DN3315_c3_g1"
"578","TRINITY_DN3503_c1_g1"
"579","TRINITY_DN7806_c0_g1"
"580","TRINITY_DN8574_c0_g1"
"581","TRINITY_DN9709_c0_g1"
"582","TRINITY_DN6418_c0_g1"
"583","TRINITY_DN1859_c0_g1"
"584","TRINITY_DN1691_c0_g1"
"585","TRINITY_DN2010_c0_g1"
"586","TRINITY_DN17635_c0_g1"
"587","TRINITY_DN498_c6_g1"
"588","TRINITY_DN19567_c0_g1"
"589","TRINITY_DN1977_c3_g1"
"590","TRINITY_DN10723_c0_g1"
"591","TRINITY_DN8525_c0_g1"
"592","TRINITY_DN73314_c0_g1"
"593","TRINITY_DN5604_c0_g1"
"594","TRINITY_DN977_c0_g1"
"595","TRINITY_DN2178_c0_g1"
"596","TRINITY_DN3443_c0_g1"
"597","TRINITY_DN8692_c0_g1"
"598","TRINITY_DN10428_c0_g1"
"599","TRINITY_DN35947_c0_g1"
"600","TRINITY_DN12582_c0_g1"
"601","TRINITY_DN8185_c0_g1"
"602","TRINITY_DN2312_c0_g1"
"603","TRINITY_DN282_c0_g1"
"604","TRINITY_DN4637_c0_g1"
"605","TRINITY_DN4163_c0_g1"
"606","TRINITY_DN14706_c0_g1"
"607","TRINITY_DN8343_c0_g1"
"608","TRINITY_DN12904_c0_g1"
"609","TRINITY_DN3633_c0_g1"
"610","TRINITY_DN6285_c0_g1"
"611","TRINITY_DN11710_c0_g1"
"612","TRINITY_DN167_c0_g1"
"613","TRINITY_DN7750_c0_g1"
"614","TRINITY_DN6775_c0_g1"
"615","TRINITY_DN5986_c0_g1"
"616","TRINITY_DN6876_c0_g1"
"617","TRINITY_DN4436_c0_g1"
"618","TRINITY_DN4199_c0_g1"
"619","TRINITY_DN1676_c0_g1"
"620","TRINITY_DN29123_c0_g1"
"621","TRINITY_DN6221_c0_g1"
"622","TRINITY_DN176_c0_g1"
"623","TRINITY_DN6457_c0_g1"
"624","TRINITY_DN4106_c0_g1"
"625","TRINITY_DN3654_c0_g3"
"626","TRINITY_DN4420_c0_g1"
"627","TRINITY_DN10301_c0_g1"
"628","TRINITY_DN4480_c0_g1"
"629","TRINITY_DN5807_c0_g1"
"630","TRINITY_DN18353_c0_g1"
"631","TRINITY_DN1994_c0_g1"
"632","TRINITY_DN5276_c0_g1"
"633","TRINITY_DN6746_c0_g1"
"634","TRINITY_DN1776_c0_g1"
"635","TRINITY_DN2_c0_g1"
"636","TRINITY_DN768_c0_g1"
"637","TRINITY_DN1152_c0_g1"
"638","TRINITY_DN7702_c0_g1"
"639","TRINITY_DN2583_c1_g2"
"640","TRINITY_DN4808_c0_g1"
"641","TRINITY_DN3880_c0_g1"
"642","TRINITY_DN2341_c4_g1"
"643","TRINITY_DN11816_c0_g1"
"644","TRINITY_DN13516_c0_g1"
"645","TRINITY_DN15840_c0_g1"
"646","TRINITY_DN13877_c0_g1"
"647","TRINITY_DN5126_c0_g1"
"648","TRINITY_DN2215_c0_g1"
"649","TRINITY_DN21435_c0_g1"
"650","TRINITY_DN1375_c0_g1"
"651","TRINITY_DN6364_c0_g1"
"652","TRINITY_DN13389_c0_g1"
"653","TRINITY_DN38770_c0_g1"
"654","TRINITY_DN326_c0_g1"
"655","TRINITY_DN12816_c0_g1"
"656","TRINITY_DN11518_c0_g1"
"657","TRINITY_DN5410_c0_g1"
"658","TRINITY_DN10108_c0_g1"
"659","TRINITY_DN1006_c0_g1"
"660","TRINITY_DN15104_c0_g1"
"661","TRINITY_DN3270_c0_g1"
"662","TRINITY_DN1163_c1_g1"
"663","TRINITY_DN70_c0_g1"
"664","TRINITY_DN1925_c0_g1"
"665","TRINITY_DN2674_c0_g1"
"666","TRINITY_DN3866_c0_g1"
"667","TRINITY_DN8423_c0_g1"
"668","TRINITY_DN29587_c0_g1"
"669","TRINITY_DN5591_c0_g1"
"670","TRINITY_DN2584_c0_g2"
"671","TRINITY_DN9912_c0_g1"
"672","TRINITY_DN14639_c0_g1"
"673","TRINITY_DN6131_c0_g1"
"674","TRINITY_DN6438_c0_g1"
"675","TRINITY_DN8158_c0_g1"
"676","TRINITY_DN10155_c0_g1"
"677","TRINITY_DN5017_c0_g1"
"678","TRINITY_DN23866_c0_g1"
"679","TRINITY_DN29786_c0_g1"
"680","TRINITY_DN12494_c0_g1"
"681","TRINITY_DN27654_c0_g1"
"682","TRINITY_DN277_c0_g1"
"683","TRINITY_DN7482_c0_g1"
"684","TRINITY_DN10714_c0_g1"
"685","TRINITY_DN1537_c0_g1"
"686","TRINITY_DN7361_c0_g1"
"687","TRINITY_DN1889_c0_g1"
"688","TRINITY_DN14808_c0_g1"
"689","TRINITY_DN6846_c0_g1"
"690","TRINITY_DN5468_c0_g1"
"691","TRINITY_DN17942_c0_g1"
"692","TRINITY_DN1718_c0_g1"
"693","TRINITY_DN15984_c1_g1"
"694","TRINITY_DN12639_c0_g1"
"695","TRINITY_DN4524_c0_g1"
"696","TRINITY_DN1284_c0_g1"
"697","TRINITY_DN8536_c0_g1"
"698","TRINITY_DN9375_c0_g1"
"699","TRINITY_DN12078_c0_g1"
"700","TRINITY_DN17937_c0_g1"
"701","TRINITY_DN11177_c0_g1"
"702","TRINITY_DN13723_c0_g1"
"703","TRINITY_DN67_c0_g1"
"704","TRINITY_DN962_c0_g1"
"705","TRINITY_DN17746_c0_g1"
"706","TRINITY_DN12321_c0_g1"
"707","TRINITY_DN199_c0_g1"
"708","TRINITY_DN44577_c0_g1"
"709","TRINITY_DN1190_c2_g1"
"710","TRINITY_DN10970_c0_g1"
"711","TRINITY_DN382_c1_g1"
"712","TRINITY_DN8969_c0_g1"
"713","TRINITY_DN443_c0_g1"
"714","TRINITY_DN4054_c0_g1"
"715","TRINITY_DN17132_c0_g1"
"716","TRINITY_DN8007_c0_g1"
"717","TRINITY_DN46690_c0_g1"
"718","TRINITY_DN698_c0_g1"
"719","TRINITY_DN6200_c0_g1"
"720","TRINITY_DN7776_c0_g1"
"721","TRINITY_DN11207_c0_g1"
"722","TRINITY_DN1638_c0_g1"
"723","TRINITY_DN3156_c0_g1"
"724","TRINITY_DN2682_c0_g1"
"725","TRINITY_DN5357_c0_g1"
"726","TRINITY_DN2743_c0_g1"
"727","TRINITY_DN2491_c0_g1"
"728","TRINITY_DN251_c0_g1"
"729","TRINITY_DN3396_c0_g1"
"730","TRINITY_DN8374_c0_g1"
"731","TRINITY_DN12532_c0_g1"
"732","TRINITY_DN27634_c0_g2"
"733","TRINITY_DN2648_c0_g2"
"734","TRINITY_DN1202_c0_g1"
"735","TRINITY_DN6322_c0_g2"
"736","TRINITY_DN6648_c0_g1"
"737","TRINITY_DN11021_c0_g1"
"738","TRINITY_DN15235_c0_g1"
"739","TRINITY_DN8699_c5_g1"
"740","TRINITY_DN46410_c0_g1"
"741","TRINITY_DN2572_c2_g1"
"742","TRINITY_DN2024_c0_g1"
"743","TRINITY_DN12357_c0_g1"
"744","TRINITY_DN6234_c0_g1"
"745","TRINITY_DN8187_c0_g1"
"746","TRINITY_DN17919_c0_g1"
"747","TRINITY_DN1042_c0_g1"
"748","TRINITY_DN3467_c0_g1"
"749","TRINITY_DN10329_c0_g1"
"750","TRINITY_DN1745_c0_g1"
"751","TRINITY_DN11469_c0_g1"
"752","TRINITY_DN5211_c1_g1"
"753","TRINITY_DN6839_c0_g1"
"754","TRINITY_DN142_c0_g1"
"755","TRINITY_DN2699_c0_g1"
"756","TRINITY_DN4171_c0_g2"
"757","TRINITY_DN5414_c0_g1"
"758","TRINITY_DN7692_c0_g1"
"759","TRINITY_DN24097_c0_g1"
"760","TRINITY_DN3301_c0_g1"
"761","TRINITY_DN40843_c0_g1"
"762","TRINITY_DN24943_c0_g1"
"763","TRINITY_DN7159_c0_g1"
"764","TRINITY_DN7743_c0_g1"
"765","TRINITY_DN1223_c0_g1"
"766","TRINITY_DN11649_c0_g1"
"767","TRINITY_DN12248_c0_g1"
"768","TRINITY_DN2106_c0_g1"
"769","TRINITY_DN25838_c0_g1"
"770","TRINITY_DN1628_c0_g1"
"771","TRINITY_DN775_c0_g1"
"772","TRINITY_DN15637_c0_g1"
"773","TRINITY_DN6398_c0_g1"
"774","TRINITY_DN7777_c0_g1"
"775","TRINITY_DN1206_c0_g1"
"776","TRINITY_DN4190_c0_g1"
"777","TRINITY_DN16252_c0_g1"
"778","TRINITY_DN5239_c3_g1"
"779","TRINITY_DN2098_c0_g1"
"780","TRINITY_DN9535_c0_g1"
"781","TRINITY_DN6543_c0_g1"
"782","TRINITY_DN71506_c0_g1"
"783","TRINITY_DN4361_c0_g1"
"784","TRINITY_DN2679_c0_g1"
"785","TRINITY_DN1491_c0_g1"
"786","TRINITY_DN5100_c0_g1"
"787","TRINITY_DN40647_c0_g1"
"788","TRINITY_DN318_c0_g1"
"789","TRINITY_DN2358_c0_g1"
"790","TRINITY_DN22279_c0_g1"
"791","TRINITY_DN12007_c0_g1"
"792","TRINITY_DN24259_c0_g1"
"793","TRINITY_DN6163_c0_g1"
"794","TRINITY_DN1817_c0_g1"
"795","TRINITY_DN10928_c0_g1"
"796","TRINITY_DN6311_c0_g1"
"797","TRINITY_DN19925_c0_g1"
"798","TRINITY_DN1655_c0_g1"
"799","TRINITY_DN1520_c0_g1"
"800","TRINITY_DN30889_c0_g1"
"801","TRINITY_DN5529_c0_g1"
"802","TRINITY_DN12965_c0_g2"
"803","TRINITY_DN4820_c0_g1"
"804","TRINITY_DN3303_c0_g1"
"805","TRINITY_DN2795_c0_g1"
"806","TRINITY_DN4564_c0_g1"
"807","TRINITY_DN12869_c0_g1"
"808","TRINITY_DN26247_c0_g1"
"809","TRINITY_DN34715_c0_g1"
"810","TRINITY_DN5021_c0_g2"
"811","TRINITY_DN10825_c0_g1"
"812","TRINITY_DN3447_c0_g1"
"813","TRINITY_DN39173_c0_g1"
"814","TRINITY_DN2667_c0_g1"
"815","TRINITY_DN9627_c0_g2"
"816","TRINITY_DN23194_c0_g1"
"817","TRINITY_DN21248_c0_g1"
"818","TRINITY_DN2883_c0_g1"
"819","TRINITY_DN9266_c0_g1"
"820","TRINITY_DN7508_c0_g1"
"821","TRINITY_DN17763_c0_g1"
"822","TRINITY_DN23727_c0_g1"
"823","TRINITY_DN4024_c0_g1"
"824","TRINITY_DN4693_c0_g1"
"825","TRINITY_DN5600_c0_g1"
"826","TRINITY_DN2915_c0_g1"
"827","TRINITY_DN4451_c0_g1"
"828","TRINITY_DN7849_c0_g1"
"829","TRINITY_DN42064_c0_g1"
"830","TRINITY_DN780_c0_g1"
"831","TRINITY_DN4010_c0_g1"
"832","TRINITY_DN28992_c0_g1"
"833","TRINITY_DN593_c0_g1"
"834","TRINITY_DN16654_c0_g1"
"835","TRINITY_DN5849_c0_g1"
"836","TRINITY_DN682_c0_g1"
"837","TRINITY_DN57288_c0_g1"
"838","TRINITY_DN3296_c0_g1"
"839","TRINITY_DN9319_c0_g2"
"840","TRINITY_DN2512_c3_g1"
"841","TRINITY_DN2592_c0_g1"
"842","TRINITY_DN8943_c0_g1"
"843","TRINITY_DN6033_c0_g1"
"844","TRINITY_DN11929_c0_g1"
"845","TRINITY_DN5242_c0_g1"
"846","TRINITY_DN6058_c0_g1"
"847","TRINITY_DN8346_c0_g1"
"848","TRINITY_DN28439_c0_g1"
"849","TRINITY_DN15921_c0_g1"
"850","TRINITY_DN1727_c0_g1"
"851","TRINITY_DN19445_c0_g1"
"852","TRINITY_DN2036_c0_g1"
"853","TRINITY_DN6351_c0_g1"
"854","TRINITY_DN5227_c0_g1"
"855","TRINITY_DN7113_c0_g1"
"856","TRINITY_DN14165_c0_g1"
"857","TRINITY_DN24606_c0_g1"
"858","TRINITY_DN9384_c0_g1"
"859","TRINITY_DN2117_c0_g1"
"860","TRINITY_DN5706_c0_g1"
"861","TRINITY_DN11238_c0_g1"
"862","TRINITY_DN2658_c0_g1"
"863","TRINITY_DN19363_c0_g1"
"864","TRINITY_DN21302_c0_g1"
"865","TRINITY_DN7896_c0_g1"
"866","TRINITY_DN6464_c0_g1"
"867","TRINITY_DN5500_c0_g1"
"868","TRINITY_DN43651_c0_g1"
"869","TRINITY_DN59789_c0_g1"
"870","TRINITY_DN5325_c0_g1"
"871","TRINITY_DN10509_c0_g1"
"872","TRINITY_DN4171_c0_g1"
"873","TRINITY_DN18190_c0_g1"
"874","TRINITY_DN31_c0_g1"
"875","TRINITY_DN9979_c0_g1"
"876","TRINITY_DN41031_c0_g1"
"877","TRINITY_DN9943_c1_g1"
"878","TRINITY_DN17995_c0_g1"
"879","TRINITY_DN1086_c0_g1"
"880","TRINITY_DN13569_c0_g1"
"881","TRINITY_DN52808_c0_g1"
"882","TRINITY_DN3748_c0_g1"
"883","TRINITY_DN811_c0_g1"
"884","TRINITY_DN3465_c0_g1"
"885","TRINITY_DN29826_c0_g1"
"886","TRINITY_DN2428_c0_g1"
"887","TRINITY_DN4372_c0_g1"
"888","TRINITY_DN8574_c0_g2"
"889","TRINITY_DN40836_c0_g1"
"890","TRINITY_DN7146_c0_g1"
"891","TRINITY_DN12483_c1_g1"
"892","TRINITY_DN21_c0_g1"
"893","TRINITY_DN10258_c0_g1"
"894","TRINITY_DN8698_c0_g1"
"895","TRINITY_DN8635_c0_g2"
"896","TRINITY_DN2645_c0_g1"
"897","TRINITY_DN20911_c0_g1"
"898","TRINITY_DN37538_c0_g1"
"899","TRINITY_DN5708_c1_g1"
"900","TRINITY_DN10758_c0_g1"
"901","TRINITY_DN4353_c0_g1"
"902","TRINITY_DN1271_c0_g1"
"903","TRINITY_DN28307_c0_g1"
"904","TRINITY_DN5320_c0_g2"
"905","TRINITY_DN31170_c0_g1"
"906","TRINITY_DN3_c0_g1"
"907","TRINITY_DN2473_c0_g1"
"908","TRINITY_DN5974_c0_g1"
"909","TRINITY_DN35142_c0_g1"
"910","TRINITY_DN12496_c1_g1"
"911","TRINITY_DN3829_c0_g1"
"912","TRINITY_DN5088_c0_g1"
"913","TRINITY_DN5723_c0_g1"
"914","TRINITY_DN16166_c0_g1"
"915","TRINITY_DN45044_c0_g1"
"916","TRINITY_DN9707_c0_g2"
"917","TRINITY_DN8023_c0_g1"
"918","TRINITY_DN6486_c0_g1"
"919","TRINITY_DN3639_c0_g1"
"920","TRINITY_DN12102_c0_g1"
"921","TRINITY_DN9290_c0_g1"
"922","TRINITY_DN22415_c0_g1"
"923","TRINITY_DN19114_c0_g1"
"924","TRINITY_DN779_c0_g1"
"925","TRINITY_DN6281_c0_g1"
"926","TRINITY_DN33840_c0_g1"
"927","TRINITY_DN5282_c0_g1"
"928","TRINITY_DN2686_c0_g1"
"929","TRINITY_DN9935_c0_g1"
"930","TRINITY_DN7004_c0_g1"
"931","TRINITY_DN14120_c0_g1"
"932","TRINITY_DN4600_c0_g1"
"933","TRINITY_DN9814_c0_g1"
"934","TRINITY_DN65132_c0_g1"
"935","TRINITY_DN18090_c0_g1"
"936","TRINITY_DN5634_c1_g1"
"937","TRINITY_DN26164_c0_g1"
"938","TRINITY_DN28272_c0_g1"
"939","TRINITY_DN1418_c0_g1"
"940","TRINITY_DN7363_c0_g1"
"941","TRINITY_DN14257_c0_g1"
"942","TRINITY_DN15800_c0_g1"
"943","TRINITY_DN9138_c0_g1"
"944","TRINITY_DN15277_c0_g1"
"945","TRINITY_DN25136_c0_g1"
"946","TRINITY_DN2341_c8_g1"
"947","TRINITY_DN1747_c0_g1"
"948","TRINITY_DN41473_c0_g1"
"949","TRINITY_DN10595_c0_g1"
"950","TRINITY_DN7050_c1_g1"
"951","TRINITY_DN9387_c0_g1"
"952","TRINITY_DN1858_c0_g2"
"953","TRINITY_DN9347_c0_g1"
"954","TRINITY_DN20302_c0_g1"
"955","TRINITY_DN19032_c2_g1"
"956","TRINITY_DN15706_c0_g1"
"957","TRINITY_DN3993_c0_g1"
"958","TRINITY_DN5946_c0_g1"
"959","TRINITY_DN13367_c0_g1"
"960","TRINITY_DN2323_c0_g1"
"961","TRINITY_DN11407_c0_g1"
"962","TRINITY_DN7666_c0_g1"
"963","TRINITY_DN8359_c0_g1"
"964","TRINITY_DN9738_c0_g1"
"965","TRINITY_DN7749_c3_g1"
"966","TRINITY_DN15315_c0_g1"
"967","TRINITY_DN4397_c1_g1"
"968","TRINITY_DN6660_c0_g1"
"969","TRINITY_DN18790_c0_g1"
"970","TRINITY_DN5441_c0_g1"
"971","TRINITY_DN11301_c0_g1"
"972","TRINITY_DN7140_c0_g1"
"973","TRINITY_DN8136_c0_g2"
"974","TRINITY_DN10540_c0_g1"
"975","TRINITY_DN33688_c0_g1"
"976","TRINITY_DN6644_c1_g1"
"977","TRINITY_DN10751_c0_g1"
"978","TRINITY_DN23157_c0_g1"
"979","TRINITY_DN8678_c0_g1"
"980","TRINITY_DN42135_c0_g1"
"981","TRINITY_DN30961_c0_g1"
"982","TRINITY_DN21285_c0_g1"
"983","TRINITY_DN20123_c2_g2"
"984","TRINITY_DN251_c1_g2"
"985","TRINITY_DN8454_c0_g1"
"986","TRINITY_DN14495_c0_g1"
"987","TRINITY_DN13817_c0_g1"
"988","TRINITY_DN5206_c0_g1"
"989","TRINITY_DN4157_c1_g1"
"990","TRINITY_DN1633_c0_g1"
"991","TRINITY_DN4839_c0_g1"
"992","TRINITY_DN2244_c0_g1"
"993","TRINITY_DN3775_c0_g1"
"994","TRINITY_DN6607_c0_g1"
"995","TRINITY_DN1063_c0_g1"
"996","TRINITY_DN32_c1_g1"
"997","TRINITY_DN24768_c0_g1"
"998","TRINITY_DN21000_c0_g1"
"999","TRINITY_DN8576_c0_g1"
"1000","TRINITY_DN4818_c0_g1"
"1001","TRINITY_DN12240_c0_g1"
"1002","TRINITY_DN24181_c0_g1"
"1003","TRINITY_DN15488_c0_g2"
"1004","TRINITY_DN20487_c0_g1"
"1005","TRINITY_DN3615_c0_g1"
"1006","TRINITY_DN36251_c0_g1"
"1007","TRINITY_DN21822_c0_g1"
"1008","TRINITY_DN3779_c0_g1"
"1009","TRINITY_DN13152_c0_g1"
"1010","TRINITY_DN5083_c0_g1"
"1011","TRINITY_DN5378_c0_g1"
"1012","TRINITY_DN3044_c0_g1"
"1013","TRINITY_DN6433_c0_g2"
"1014","TRINITY_DN7611_c0_g1"
"1015","TRINITY_DN48472_c0_g1"
"1016","TRINITY_DN6522_c0_g1"
"1017","TRINITY_DN8526_c0_g1"
"1018","TRINITY_DN11797_c1_g1"
"1019","TRINITY_DN7859_c0_g1"
"1020","TRINITY_DN17844_c0_g1"
"1021","TRINITY_DN10232_c0_g1"
"1022","TRINITY_DN12294_c0_g1"
"1023","TRINITY_DN4791_c0_g1"
"1024","TRINITY_DN11692_c0_g1"
"1025","TRINITY_DN8783_c0_g1"
"1026","TRINITY_DN11229_c1_g1"
"1027","TRINITY_DN2756_c0_g1"
"1028","TRINITY_DN20296_c1_g1"
"1029","TRINITY_DN1486_c1_g1"
"1030","TRINITY_DN9289_c0_g1"
"1031","TRINITY_DN13230_c0_g1"
"1032","TRINITY_DN7263_c0_g2"
"1033","TRINITY_DN1849_c0_g1"
"1034","TRINITY_DN18661_c0_g1"
"1035","TRINITY_DN8577_c1_g1"
"1036","TRINITY_DN34796_c0_g1"
"1037","TRINITY_DN3913_c0_g1"
"1038","TRINITY_DN13717_c0_g1"
"1039","TRINITY_DN11835_c0_g1"
"1040","TRINITY_DN25664_c0_g1"
"1041","TRINITY_DN15128_c0_g1"
"1042","TRINITY_DN922_c1_g1"
"1043","TRINITY_DN82503_c0_g1"
"1044","TRINITY_DN8388_c0_g1"
"1045","TRINITY_DN13310_c0_g1"
"1046","TRINITY_DN1665_c0_g1"
"1047","TRINITY_DN6437_c0_g1"
"1048","TRINITY_DN10434_c0_g1"
"1049","TRINITY_DN9204_c0_g1"
"1050","TRINITY_DN11242_c0_g1"
"1051","TRINITY_DN7799_c0_g1"
"1052","TRINITY_DN6417_c0_g1"
"1053","TRINITY_DN1964_c0_g1"
"1054","TRINITY_DN11802_c0_g1"
"1055","TRINITY_DN22927_c1_g1"
"1056","TRINITY_DN33567_c0_g1"
"1057","TRINITY_DN17201_c0_g1"
"1058","TRINITY_DN35058_c0_g1"
"1059","TRINITY_DN6441_c1_g1"
"1060","TRINITY_DN38387_c0_g1"
"1061","TRINITY_DN24894_c0_g1"
"1062","TRINITY_DN9353_c0_g1"
"1063","TRINITY_DN18308_c0_g1"
"1064","TRINITY_DN2475_c2_g1"
"1065","TRINITY_DN38882_c0_g1"
"1066","TRINITY_DN7450_c0_g1"
"1067","TRINITY_DN1241_c0_g1"
"1068","TRINITY_DN5693_c0_g1"
"1069","TRINITY_DN6054_c0_g1"
"1070","TRINITY_DN22011_c0_g1"
"1071","TRINITY_DN1480_c0_g1"
"1072","TRINITY_DN17513_c1_g1"
"1073","TRINITY_DN27674_c0_g1"
"1074","TRINITY_DN12597_c0_g1"
"1075","TRINITY_DN2890_c0_g1"
"1076","TRINITY_DN8642_c0_g1"
"1077","TRINITY_DN10364_c0_g1"
"1078","TRINITY_DN1800_c0_g2"
"1079","TRINITY_DN11680_c0_g1"
"1080","TRINITY_DN31512_c0_g1"
"1081","TRINITY_DN11580_c0_g1"
"1082","TRINITY_DN12933_c1_g1"
"1083","TRINITY_DN26018_c0_g1"
"1084","TRINITY_DN5144_c0_g1"
"1085","TRINITY_DN9440_c0_g1"
"1086","TRINITY_DN14732_c0_g1"
"1087","TRINITY_DN26417_c0_g1"
"1088","TRINITY_DN17659_c0_g1"
"1089","TRINITY_DN2983_c0_g1"
"1090","TRINITY_DN2467_c0_g1"
"1091","TRINITY_DN3160_c0_g1"
"1092","TRINITY_DN5772_c0_g1"
"1093","TRINITY_DN70850_c0_g1"
"1094","TRINITY_DN76575_c0_g1"
"1095","TRINITY_DN4310_c0_g1"
"1096","TRINITY_DN10577_c0_g1"
"1097","TRINITY_DN12165_c0_g1"
"1098","TRINITY_DN35607_c0_g1"
"1099","TRINITY_DN17422_c0_g1"
"1100","TRINITY_DN53482_c0_g1"
"1101","TRINITY_DN34483_c0_g1"
"1102","TRINITY_DN5516_c3_g1"
"1103","TRINITY_DN47366_c0_g1"
"1104","TRINITY_DN827_c0_g1"
"1105","TRINITY_DN4646_c0_g1"
"1106","TRINITY_DN3611_c0_g1"
"1107","TRINITY_DN1258_c0_g1"
"1108","TRINITY_DN2749_c0_g1"
"1109","TRINITY_DN9538_c0_g1"
"1110","TRINITY_DN12903_c0_g1"
"1111","TRINITY_DN4671_c0_g2"
"1112","TRINITY_DN16644_c0_g1"
"1113","TRINITY_DN17597_c0_g1"
"1114","TRINITY_DN4116_c0_g1"
"1115","TRINITY_DN3837_c0_g1"
"1116","TRINITY_DN46_c0_g1"
"1117","TRINITY_DN16229_c0_g1"
"1118","TRINITY_DN28008_c0_g1"
"1119","TRINITY_DN15849_c0_g1"
"1120","TRINITY_DN11492_c0_g1"
"1121","TRINITY_DN17755_c0_g1"
"1122","TRINITY_DN30505_c0_g1"
"1123","TRINITY_DN22361_c0_g1"
"1124","TRINITY_DN11542_c0_g1"
"1125","TRINITY_DN10885_c0_g1"
"1126","TRINITY_DN5511_c0_g1"
"1127","TRINITY_DN12560_c0_g1"
"1128","TRINITY_DN19489_c0_g1"
"1129","TRINITY_DN7979_c2_g1"
"1130","TRINITY_DN16472_c0_g1"
"1131","TRINITY_DN13927_c0_g1"
"1132","TRINITY_DN2160_c0_g1"
"1133","TRINITY_DN3855_c0_g1"
"1134","TRINITY_DN5323_c1_g1"
"1135","TRINITY_DN19050_c0_g1"
"1136","TRINITY_DN6532_c0_g1"
"1137","TRINITY_DN2635_c0_g1"
"1138","TRINITY_DN9525_c1_g1"
"1139","TRINITY_DN33351_c0_g1"
"1140","TRINITY_DN25842_c0_g1"
"1141","TRINITY_DN14326_c0_g1"
"1142","TRINITY_DN3346_c0_g1"
"1143","TRINITY_DN11347_c0_g1"
"1144","TRINITY_DN9591_c0_g1"
"1145","TRINITY_DN2400_c0_g1"
"1146","TRINITY_DN2132_c0_g1"
"1147","TRINITY_DN9430_c0_g1"
"1148","TRINITY_DN21930_c0_g1"
"1149","TRINITY_DN1555_c0_g1"
"1150","TRINITY_DN16744_c0_g1"
"1151","TRINITY_DN5073_c0_g1"
"1152","TRINITY_DN14737_c0_g2"
"1153","TRINITY_DN9058_c0_g1"
"1154","TRINITY_DN34062_c0_g1"
"1155","TRINITY_DN7871_c0_g1"
"1156","TRINITY_DN16472_c0_g2"
"1157","TRINITY_DN3126_c1_g2"
"1158","TRINITY_DN7142_c0_g1"
"1159","TRINITY_DN16332_c0_g1"
"1160","TRINITY_DN10146_c0_g1"
"1161","TRINITY_DN1675_c0_g1"
"1162","TRINITY_DN8545_c0_g1"
"1163","TRINITY_DN13134_c0_g1"
"1164","TRINITY_DN15195_c0_g1"
"1165","TRINITY_DN10872_c0_g1"
"1166","TRINITY_DN9148_c0_g1"
"1167","TRINITY_DN55957_c0_g1"
"1168","TRINITY_DN2031_c0_g1"
"1169","TRINITY_DN13523_c0_g1"
"1170","TRINITY_DN17002_c0_g1"
"1171","TRINITY_DN7891_c0_g1"
"1172","TRINITY_DN4674_c1_g1"
"1173","TRINITY_DN19920_c0_g1"
"1174","TRINITY_DN15029_c0_g1"
"1175","TRINITY_DN7618_c0_g1"
"1176","TRINITY_DN30950_c0_g1"
"1177","TRINITY_DN650_c0_g1"
"1178","TRINITY_DN4583_c0_g1"
"1179","TRINITY_DN1504_c0_g1"
"1180","TRINITY_DN22191_c1_g1"
"1181","TRINITY_DN4907_c0_g1"
"1182","TRINITY_DN6067_c0_g1"
"1183","TRINITY_DN2519_c1_g1"
"1184","TRINITY_DN1320_c1_g1"
"1185","TRINITY_DN18794_c0_g1"
"1186","TRINITY_DN3580_c0_g1"
"1187","TRINITY_DN5115_c0_g1"
"1188","TRINITY_DN48024_c0_g1"
"1189","TRINITY_DN6211_c0_g2"
"1190","TRINITY_DN20485_c0_g1"
"1191","TRINITY_DN15127_c0_g1"
"1192","TRINITY_DN15841_c0_g1"
"1193","TRINITY_DN22698_c0_g1"
"1194","TRINITY_DN25615_c0_g1"
"1195","TRINITY_DN4926_c0_g1"
"1196","TRINITY_DN6047_c0_g1"
"1197","TRINITY_DN8953_c0_g1"
"1198","TRINITY_DN4539_c0_g1"
"1199","TRINITY_DN4625_c0_g1"
"1200","TRINITY_DN22437_c0_g1"
"1201","TRINITY_DN9128_c0_g1"
"1202","TRINITY_DN3324_c1_g1"
"1203","TRINITY_DN10915_c1_g1"
"1204","TRINITY_DN4589_c0_g1"
"1205","TRINITY_DN20577_c0_g1"
"1206","TRINITY_DN19483_c0_g1"
"1207","TRINITY_DN259_c0_g1"
"1208","TRINITY_DN9655_c0_g1"
"1209","TRINITY_DN3218_c0_g1"
"1210","TRINITY_DN2822_c0_g1"
"1211","TRINITY_DN6870_c0_g1"
"1212","TRINITY_DN18268_c0_g1"
"1213","TRINITY_DN1652_c0_g2"
"1214","TRINITY_DN45712_c0_g1"
"1215","TRINITY_DN6392_c0_g1"
"1216","TRINITY_DN9209_c0_g1"
"1217","TRINITY_DN6792_c1_g1"
"1218","TRINITY_DN40355_c0_g1"
"1219","TRINITY_DN10348_c0_g1"
"1220","TRINITY_DN1535_c0_g1"
"1221","TRINITY_DN8684_c0_g1"
"1222","TRINITY_DN3190_c0_g1"
"1223","TRINITY_DN23309_c0_g1"
"1224","TRINITY_DN20036_c0_g1"
"1225","TRINITY_DN10259_c0_g1"
"1226","TRINITY_DN5420_c0_g1"
"1227","TRINITY_DN23590_c0_g1"
"1228","TRINITY_DN9530_c0_g1"
"1229","TRINITY_DN25147_c0_g1"
"1230","TRINITY_DN26747_c0_g1"
"1231","TRINITY_DN4712_c1_g1"
"1232","TRINITY_DN10097_c0_g1"
"1233","TRINITY_DN4997_c0_g1"
"1234","TRINITY_DN8665_c1_g1"
"1235","TRINITY_DN5222_c0_g1"
"1236","TRINITY_DN7829_c3_g1"
"1237","TRINITY_DN8592_c0_g1"
"1238","TRINITY_DN8733_c0_g1"
"1239","TRINITY_DN5308_c1_g1"
"1240","TRINITY_DN18897_c0_g1"
"1241","TRINITY_DN11424_c0_g1"
"1242","TRINITY_DN15692_c0_g1"
"1243","TRINITY_DN2230_c0_g1"
"1244","TRINITY_DN10191_c0_g1"
"1245","TRINITY_DN2175_c0_g1"
"1246","TRINITY_DN9302_c0_g1"
"1247","TRINITY_DN1361_c0_g1"
"1248","TRINITY_DN3067_c3_g1"
"1249","TRINITY_DN19798_c0_g1"
"1250","TRINITY_DN6018_c1_g1"
"1251","TRINITY_DN244_c0_g1"
"1252","TRINITY_DN22790_c0_g1"
"1253","TRINITY_DN22590_c0_g1"
"1254","TRINITY_DN74619_c0_g1"
"1255","TRINITY_DN13971_c0_g1"
"1256","TRINITY_DN19575_c0_g1"
"1257","TRINITY_DN8461_c0_g1"
"1258","TRINITY_DN11042_c0_g1"
"1259","TRINITY_DN22927_c0_g1"
"1260","TRINITY_DN9023_c1_g1"
"1261","TRINITY_DN38994_c0_g1"
"1262","TRINITY_DN17502_c1_g1"
"1263","TRINITY_DN13733_c0_g1"
"1264","TRINITY_DN18486_c0_g1"
"1265","TRINITY_DN3811_c0_g1"
"1266","TRINITY_DN15961_c2_g1"
"1267","TRINITY_DN6294_c0_g1"
"1268","TRINITY_DN3048_c0_g1"
"1269","TRINITY_DN1970_c1_g1"
"1270","TRINITY_DN6554_c1_g1"
"1271","TRINITY_DN8319_c0_g1"
"1272","TRINITY_DN2271_c0_g1"
"1273","TRINITY_DN31954_c1_g1"
"1274","TRINITY_DN22662_c0_g1"
"1275","TRINITY_DN11971_c0_g1"
"1276","TRINITY_DN5926_c0_g1"
"1277","TRINITY_DN13849_c0_g1"
"1278","TRINITY_DN33290_c0_g1"
"1279","TRINITY_DN14840_c0_g1"
"1280","TRINITY_DN17890_c0_g1"
"1281","TRINITY_DN5004_c0_g1"
"1282","TRINITY_DN14900_c0_g1"
"1283","TRINITY_DN9647_c0_g1"
"1284","TRINITY_DN29687_c0_g1"
"1285","TRINITY_DN56143_c0_g1"
"1286","TRINITY_DN7347_c0_g1"
"1287","TRINITY_DN15361_c0_g1"
"1288","TRINITY_DN3957_c0_g1"
"1289","TRINITY_DN814_c1_g1"
"1290","TRINITY_DN8487_c0_g2"
"1291","TRINITY_DN8799_c0_g1"
"1292","TRINITY_DN6877_c0_g2"
"1293","TRINITY_DN1551_c0_g1"
"1294","TRINITY_DN7838_c0_g1"
"1295","TRINITY_DN1518_c0_g1"
"1296","TRINITY_DN5778_c0_g1"
"1297","TRINITY_DN13804_c0_g1"
"1298","TRINITY_DN17463_c0_g1"
"1299","TRINITY_DN58724_c0_g1"
"1300","TRINITY_DN1178_c3_g3"
"1301","TRINITY_DN6230_c0_g1"
"1302","TRINITY_DN8632_c0_g1"
"1303","TRINITY_DN4535_c0_g1"
"1304","TRINITY_DN10462_c0_g1"
"1305","TRINITY_DN51671_c0_g1"
"1306","TRINITY_DN2725_c4_g1"
"1307","TRINITY_DN9927_c0_g1"
"1308","TRINITY_DN51200_c0_g1"
"1309","TRINITY_DN6229_c0_g2"
"1310","TRINITY_DN2773_c0_g1"
"1311","TRINITY_DN8222_c0_g1"
"1312","TRINITY_DN27067_c0_g1"
"1313","TRINITY_DN2043_c0_g1"
"1314","TRINITY_DN2862_c0_g1"
"1315","TRINITY_DN20271_c0_g1"
"1316","TRINITY_DN2113_c1_g1"
"1317","TRINITY_DN3664_c0_g1"
"1318","TRINITY_DN959_c0_g1"
"1319","TRINITY_DN12975_c0_g1"
"1320","TRINITY_DN29183_c0_g1"
"1321","TRINITY_DN5552_c0_g1"
"1322","TRINITY_DN1668_c0_g1"
"1323","TRINITY_DN4131_c0_g1"
"1324","TRINITY_DN4498_c0_g1"
"1325","TRINITY_DN567_c0_g1"
"1326","TRINITY_DN5818_c0_g1"
"1327","TRINITY_DN6356_c0_g1"
"1328","TRINITY_DN5981_c0_g1"
"1329","TRINITY_DN1731_c0_g1"
"1330","TRINITY_DN1674_c0_g1"
"1331","TRINITY_DN12147_c0_g1"
"1332","TRINITY_DN25256_c0_g1"
"1333","TRINITY_DN7186_c0_g1"
"1334","TRINITY_DN8130_c0_g1"
"1335","TRINITY_DN19955_c0_g1"
"1336","TRINITY_DN21256_c0_g1"
"1337","TRINITY_DN14409_c0_g1"
"1338","TRINITY_DN50336_c0_g1"
"1339","TRINITY_DN1528_c0_g1"
"1340","TRINITY_DN21350_c0_g1"
"1341","TRINITY_DN5901_c0_g2"
"1342","TRINITY_DN19556_c0_g1"
"1343","TRINITY_DN26367_c0_g1"
"1344","TRINITY_DN3149_c0_g1"
"1345","TRINITY_DN10794_c1_g1"
"1346","TRINITY_DN8405_c1_g1"
"1347","TRINITY_DN273_c0_g1"
"1348","TRINITY_DN9594_c0_g1"
"1349","TRINITY_DN12857_c0_g1"
"1350","TRINITY_DN37690_c0_g1"
"1351","TRINITY_DN12594_c0_g1"
"1352","TRINITY_DN18540_c0_g1"
"1353","TRINITY_DN2436_c0_g1"
"1354","TRINITY_DN6505_c1_g1"
"1355","TRINITY_DN1129_c0_g1"
"1356","TRINITY_DN9660_c0_g1"
"1357","TRINITY_DN16706_c0_g1"
"1358","TRINITY_DN28999_c0_g1"
"1359","TRINITY_DN1335_c0_g1"
"1360","TRINITY_DN75468_c0_g1"
"1361","TRINITY_DN13149_c0_g1"
"1362","TRINITY_DN11039_c0_g1"
"1363","TRINITY_DN3508_c0_g1"
"1364","TRINITY_DN6897_c0_g1"
"1365","TRINITY_DN13962_c0_g1"
"1366","TRINITY_DN1037_c1_g1"
"1367","TRINITY_DN6685_c0_g1"
"1368","TRINITY_DN4579_c0_g1"
"1369","TRINITY_DN355_c0_g1"
"1370","TRINITY_DN5748_c0_g1"
"1371","TRINITY_DN27959_c0_g1"
"1372","TRINITY_DN5344_c0_g1"
"1373","TRINITY_DN50423_c0_g1"
"1374","TRINITY_DN1280_c0_g1"
"1375","TRINITY_DN68413_c0_g1"
"1376","TRINITY_DN3250_c0_g1"
"1377","TRINITY_DN6287_c0_g1"
"1378","TRINITY_DN5609_c0_g1"
"1379","TRINITY_DN1778_c0_g1"
"1380","TRINITY_DN8205_c0_g1"
"1381","TRINITY_DN4863_c1_g1"
"1382","TRINITY_DN6769_c1_g1"
"1383","TRINITY_DN3215_c0_g1"
"1384","TRINITY_DN9513_c0_g1"
"1385","TRINITY_DN10594_c0_g1"
"1386","TRINITY_DN8834_c0_g1"
"1387","TRINITY_DN13994_c0_g1"
"1388","TRINITY_DN5009_c0_g1"
"1389","TRINITY_DN1723_c1_g1"
"1390","TRINITY_DN4965_c0_g1"
"1391","TRINITY_DN4352_c0_g1"
"1392","TRINITY_DN19452_c0_g1"
"1393","TRINITY_DN13996_c1_g1"
"1394","TRINITY_DN2961_c0_g2"
"1395","TRINITY_DN33021_c0_g1"
"1396","TRINITY_DN18751_c0_g1"
"1397","TRINITY_DN400_c3_g1"
"1398","TRINITY_DN7952_c0_g1"
"1399","TRINITY_DN42651_c0_g1"
"1400","TRINITY_DN15439_c0_g2"
"1401","TRINITY_DN3616_c0_g1"
"1402","TRINITY_DN15039_c0_g1"
"1403","TRINITY_DN3713_c0_g1"
"1404","TRINITY_DN10829_c0_g1"
"1405","TRINITY_DN23942_c0_g1"
"1406","TRINITY_DN2613_c0_g1"
"1407","TRINITY_DN13594_c0_g3"
"1408","TRINITY_DN26672_c0_g1"
"1409","TRINITY_DN2542_c3_g1"
"1410","TRINITY_DN16489_c0_g1"
"1411","TRINITY_DN11234_c0_g1"
"1412","TRINITY_DN8255_c0_g1"
"1413","TRINITY_DN1346_c0_g1"
"1414","TRINITY_DN3075_c0_g1"
"1415","TRINITY_DN10851_c0_g1"
"1416","TRINITY_DN26107_c1_g1"
"1417","TRINITY_DN5481_c0_g1"
"1418","TRINITY_DN3929_c0_g1"
"1419","TRINITY_DN18771_c0_g1"
"1420","TRINITY_DN29761_c0_g1"
"1421","TRINITY_DN4657_c0_g1"
"1422","TRINITY_DN7064_c0_g1"
"1423","TRINITY_DN23209_c0_g1"
"1424","TRINITY_DN19672_c3_g1"
"1425","TRINITY_DN6304_c0_g1"
"1426","TRINITY_DN7626_c0_g3"
"1427","TRINITY_DN41510_c0_g1"
"1428","TRINITY_DN6545_c0_g1"
"1429","TRINITY_DN43414_c0_g1"
"1430","TRINITY_DN12117_c0_g1"
"1431","TRINITY_DN22500_c0_g1"
"1432","TRINITY_DN20920_c0_g1"
"1433","TRINITY_DN14403_c0_g1"
"1434","TRINITY_DN12402_c0_g1"
"1435","TRINITY_DN5280_c0_g1"
"1436","TRINITY_DN12986_c0_g1"
"1437","TRINITY_DN6209_c0_g1"
"1438","TRINITY_DN7528_c0_g1"
"1439","TRINITY_DN4628_c0_g1"
"1440","TRINITY_DN8518_c0_g1"
"1441","TRINITY_DN31913_c0_g1"
"1442","TRINITY_DN4422_c0_g1"
"1443","TRINITY_DN11168_c0_g1"
"1444","TRINITY_DN4437_c0_g1"
"1445","TRINITY_DN8917_c0_g1"
"1446","TRINITY_DN16610_c0_g1"
"1447","TRINITY_DN3582_c0_g1"
"1448","TRINITY_DN8523_c0_g1"
"1449","TRINITY_DN9035_c0_g1"
"1450","TRINITY_DN27749_c0_g1"
"1451","TRINITY_DN42770_c0_g1"
"1452","TRINITY_DN3387_c0_g1"
"1453","TRINITY_DN1156_c0_g3"
"1454","TRINITY_DN940_c0_g1"
"1455","TRINITY_DN5426_c0_g1"
"1456","TRINITY_DN13767_c0_g1"
"1457","TRINITY_DN14112_c0_g1"
"1458","TRINITY_DN13091_c0_g1"
"1459","TRINITY_DN3764_c1_g1"
"1460","TRINITY_DN18952_c0_g1"
"1461","TRINITY_DN66448_c0_g1"
"1462","TRINITY_DN6319_c0_g1"
"1463","TRINITY_DN13300_c0_g1"
"1464","TRINITY_DN13811_c0_g1"
